sku,bla
AUCB033
AUCB031
AUGS233
AUAB021
AUAB003
AUAB002
AUBB002
AUBB004
AUBB006
AUBA007
AUBA006
AUFB046
AUFB051
AUFB055
AUSB160
AUVB029
AUVB020
AUPB067
AUPB068
AUPB069
AUVB109
PN475
AURM462
AURM463
AB101
JQ067
JQ068
JQ070
JQ071
JQ072
JQ073
JQ074
JQ075
JQ076
JQ103
JQ104
JQ105
JQ106
JQ107
JQ023
JQ024
JQ213
JQ214
JQ215
JQ216
JQ217
JQ218
JQ219
JQ220
JQ222
JQ223
JQ226
JQ227
AUPB070
AUBI049
AUCB035
AUCB036
AUCB037
AUCB038
AUCB039
AUCB040
AUCB041
AUCB042
JQ228
JQ229
JQ230
JQ208
JQ207
JQ206
JQ205
JQ162
JQ163
JQ164
JQ167
JQ169
JQ186
JQ187
JQ188
JQ189
JO101
JQ190
JQ196
JQ197
JQ198
JQ199
JQ200
JQ201
JQ202
JJ123
JJ124
AUCB044
AUCB045
AUCB048
AUCB049
AUCB011
AUCB013
AUCB014
AUAB020
AUCB050
AUCB052
AUCB019
AUCB020
AUCB024
AUCB030
AUBB011
AUAB009
AUAB010
AUAB013
AUAB018
JJ125
JJ126
JJ127
JJ128
JJ129
JJ130
JJ131
JJ112
JJ132
JJ111
JJ109
IN117
IN118
IN119
IN120
IN121
IN122
IN123
IN124
IN125
IN126
IN127
JJ101
JJ102
JJ103
JJ104
JJ105
JJ106
JJ107
JJ108
JJ110
JJ133
JJ134
JJ164
JJ165
JJ166
AUBO042
AUCB021
PN516
AUBB003
PN517
JJ167
JJ168
JJ169
JJ170
JJ171
JJ172
JJ173
JJ174
JJ175
JJ176
JJ177
JJ178
JJ159
JJ158
JJ157
JJ156
JJ136
JJ137
JJ138
JJ139
JJ140
JJ141
JJ142
JJ143
JJ144
JJ147
JJ148
JJ149
JJ150
JJ151
JJ152
JJ153
AUBB008
AUBA009
AUBA002
AUBA003
AUFB053
AUFB054
AUSB159
AUVB031
AUCB053
AUAB001
AUBA015
AUBA016
AUBA018
AUBA019
AUBB001
AUBB005
AUBB007
AUFB056
JJ154
JJ155
JJ146
JQ232
JQ233
JQ281
JQ420
JQ421
JQ422
JQ423
JQ424
JQ425
JQ426
JQ427
JQ428
JQ429
JQ430
JQ431
JQ439
AUSB176
AUSB178
AUSB179
AUSB181
AUVB026
AUVB007
AUSB072
AUPO067
AUPB064
AUPB071
AUFB050
AUFB057
AUFA035
AUFA094
AUFA095
AUFA097
AUFA098
AUFA101
AUFA103
AUFA082
AUFA062
AUFA073
AUFA030
JQ418
JQ416
JQ393
JQ396
JQ397
JQ398
JQ399
JQ400
JQ401
JQ402
JQ403
JQ404
JQ405
JQ415
JQ417
JQ440
JQ441
JQ442
JQ474
JQ475
JQ476
JQ477
JQ478
JQ479
JQ480
JQ481
JQ482
JQ483
JQ484
JQ485
JQ494
JQ495
JQ496
JQ497
JQ498
JQ499
JQ500
JQ473
JQ472
JQ465
JQ464
JQ443
AUFB058
AUFB059
AUFB060
AUFB061
AUFA155
AUFA031
AUFA032
AUFA033
AUFA060
AUFA088
AUFA091
AUFA092
AUFA012
JQ444
JQ445
JQ446
JQ447
JQ448
JQ449
AUFA132
AUFA059
JQ450
JQ451
JQ392
JQ452
JQ454
JQ455
JQ456
JQ457
JQ459
JQ460
JQ461
JQ462
JQ463
JQ453
JQ391
JQ390
JQ389
JQ311
JQ312
JQ313
JQ314
JQ315
JQ316
JQ323
JQ324
JQ328
JQ329
JQ330
JQ331
JQ332
JQ333
JQ296
JQ297
AUFB062
AUFB063
AUFB064
AUFB066
AUFA122
AUFA125
AUFB034
AUFA083
JQ298
JQ299
JQ300
JQ302
JQ292
IN116
JQ337
JQ339
JQ366
JQ367
JQ368
JQ369
JQ370
JQ371
JQ372
JQ373
JQ378
JQ379
JQ380
JQ381
JQ382
JQ383
JQ384
JQ385
JQ386
JQ387
JQ388
JQ365
JQ364
JQ363
JQ362
JQ341
JQ342
JQ343
JQ344
AUFA061
AUFA068
AUFA070
AUFA072
AUFA007
AUFA008
AUSB174
AUFB045
AUFB044
AUFB042
AUFA135
AUFA136
AUFA140
AUFA141
AUFA142
AUFA081
AUFA063
AUFA065
AUFA074
AUFA080
AUFA002
AUFA013
AURB002
MTGE091
AURB003
JQ345
JQ346
JQ347
JQ348
JQ349
JQ338
JQ350
JQ352
JQ353
JQ354
JQ355
JQ356
JQ358
JQ359
JQ360
JQ361
JQ351
JQ501
IN115
IN113
FO170
FO171
FO175
AURB005
MTGE095
AUVB042
AUVB043
AUFA143
AUFA146
AUFA147
AUFA148
FO176
AUFA149
AUFA114
AUFA115
AUFA116
AUFA117
AUFA118
AUFA119
AUFA120
AUFA121
AURB011
PN518
PN519
PN520
PN521
PN522
FO177
FO178
FO179
FO180
FO181
FO182
FO183
FO184
FO185
FO186
FO187
FO188
FO169
FO189
FO168
FO166
FO147
FO148
FO149
FO150
FO151
FO152
FO153
FO154
FO155
FO156
FO157
FO158
FO159
FO160
AUSB173
AUFB001
AUFB002
AUFB008
AUFB010
AUFA038
AUFA039
AUFA040
AUFA041
AUFA042
AUFA043
AUFA056
AUFA057
AUFA034
AUFA021
AUFA022
AUFA023
AUFA024
AUFA025
AUFA026
AUFA027
PN523
PN525
PN466
FO161
FO162
FO163
FO164
FO165
FO167
FO190
FO191
FO192
GD502
GD503
GD504
GD505
GD506
GD507
GD511
GD513
GD514
GD515
GD516
GD517
AUFA029
AUBI025
AUBO025
AUBO055
AUFB003
AUFB004
AUFB005
AUFB006
GD519
AUFB007
AUFB043
AUFB011
AUFB012
AUFB014
AUFB016
AUFB018
AUFB009
AUFA105
AUFA104
AUSB227
PN526
PN528
PN527
GD520
GD526
GD527
GD531
GD533
GR101
GD501
GD500
GD001
FO197
FO198
FO199
FR001
GA101
FO146
GA102
GA104
GA105
GA106
GA107
GA108
GA109
LU259
LU260
AUBO043
AUBO046
AUCB008
AUFA126
AUFA151
AUFA153
AUFB023
AUFB024
AUFB025
AUFB028
AUFB030
AUFB031
AUFB033
AUFB035
AUFB036
AUFB037
AUFB038
AUFB019
AUFA154
AUFA093
GA110
GA111
GA112
GA103
GR102
FO145
FO143
FL209
FL210
FL211
FL212
FL213
FL214
FL215
FL216
FL217
FL218
FL219
MP002
AUVB081
AUSB035
AUBO026
AUBI002
AUCB003
AUCB004
AUCB006
AUBO059
AUBO057
AUBO056
AUBO038
AUBO039
AUBO040
FL220
AUBO041
AUCB007
AUBO045
AUBO047
AUBO048
AUBO049
AUBO050
AUBO051
FL221
FL222
FL223
FL224
FL225
FL226
FL227
FL208
FL228
LU261
AUBO052
AUBO053
AUBO054
AUCB015
AUCB018
AUBO027
AUCB109
AUCB110
AUCB056
AUCB055
AUBO061
AUBO062
AUBO063
AUBO065
AUBO066
AUBO067
AUBO068
FL207
FL205
FL186
FL187
FL188
FL189
FL190
FL191
FL192
FL193
FL194
FL195
FL202
FL203
FL204
FL206
FL229
FL230
FL231
FO124
FO125
FO126
LU262
AUBO070
AUBO071
AUBO072
AUCB002
AUCB009
AUCB022
AUCB023
AUBO030
AUCB095
AUCB096
AUCB099
AUCB079
AUCB059
AUCB060
AUCB061
AUCB068
AUCB069
AUCB070
AUCB074
FO127
FO128
FO129
FO130
FO131
FO132
FO133
FO134
FO135
FO136
FO137
FO138
FO139
FO140
FO141
FO142
FO123
FO122
FO121
FO120
FL232
FO101
FO102
FO103
FO104
AUCB102
AUCB075
AUCB101
AUCB104
AUCB106
AUCB108
AUBI051
AUBO009
AUBO034
AUBO035
AUCB081
AUCB082
AUCB083
AUCB084
AUCB085
AUCB087
AUCB090
AUCB091
AUCB092
AUCB093
AUCB094
AUBB009
AUAB006
AUAB007
FO105
FO106
FO107
FO108
FO144
FO109
FO111
FO112
FO113
FO114
FO115
FO116
FO117
FO118
FO119
FO110
GR103
GR104
GR105
IG192
IG193
IG204
IG205
AUAB008
AUBI062
AUBB027
AUBB029
AUBB030
AUBB031
AUBB033
AUBI003
AUBI004
AUBI006
AUBI008
AUBI009
AUBI010
AUBO033
IG206
IG207
IG208
IG209
IG210
IG191
IG211
IG190
IG188
IG168
IG169
IG170
IG171
IG172
IG173
IG174
IG175
IG176
IG177
IG180
IG181
IG182
IG183
IG184
IG185
LU263
LU264
AUCB016
AUCB017
AUBI016
AUBI064
AUBO003
AUBB016
AUBB017
AUBB018
AUBB019
AUBB020
AUBB022
AUBB023
AUBB024
AUBB025
AUBB026
AUCB028
IG186
IG187
IG189
IG212
IG213
IG214
IG239
IG240
IN104
IN105
IN106
IN107
IN108
IN109
IN110
IN111
IN112
IG238
IG237
IG236
IG235
IG215
IG216
IG217
IG218
LU265
AUBB039
AUBB040
AUBB042
AUBB044
AUBB045
AUBB046
AUBB047
AUBF001
AUBF002
IG219
IG220
IG234
IG225
IG166
IG165
IG164
HG0300RD
HO101
HO102
IG101
IG102
IG103
IG104
IG105
IG106
IG107
IG108
IG109
IG110
IG111
IG112
IG113
IG114
IG115
IG116
HG0300GD
HG0300BK
LU266
AUBF003
AUBB035
AUBB032
AUBB013
AUBB014
AUBB015
AUBI065
AUBI066
AUBI068
AUBI069
AUBI070
AUBI014
AUBO001
AUBO002
AUBO004
AUBO006
AUBO032
AUBI013
HG0201GD
AUBO008
HG0201BK
GR106
GR107
GR108
GR109
GU101
HC001
HC002
HC003
HC004
IG117
HC005
HG0100BK
HG0100GD
HG0100RD
HG0100TT
HG0200BE
HG0200BK
HG0200GD
HG0200RD
HG0200TT
HG0100BE
IN114
IG118
IG120
IG145
IG146
IG147
LU267
AUBB036
AUBB037
AUBB038
AUBI060
AUBI061
AUBO014
AUBO015
AUBO016
AUBO017
AUBO020
AUBO021
AUBO023
AUBO024
AUBI063
AUBO028
AUBO029
AUBO031
IG148
IG149
IG150
IG151
IG152
IG161
IG162
IG163
IG144
IG143
IG142
IG141
IG121
IG122
IG123
IG124
IG125
IG126
IG127
IG128
IG129
IG119
IG130
AUBO012
AUBO011
AUBO010
AUAB014
AUBA004
AUBI018
AUBI019
AUBI020
AUBI021
AUBI022
AUBI023
AUBI024
AUBI026
AUBI028
AUBI030
AUBI031
AUBI032
AUBI033
IG132
IG133
IG134
IG135
IG136
IG137
IG138
IG139
IG140
IG131
FL185
JQ502
JQ504
LU200
LU201
LU202
LU203
LU204
LU205
LU206
LU207
LU208
LU211
LU212
LU216
LU217
LU175
LU176
LU177
AUBI035
AUBI058
AUBA005
AUFB065
AUBI054
AUBI055
AUBI056
AUBI037
AUBI057
AUBI036
AUBI034
AUBI015
AUFB047
LU180
LU181
LU182
LU184
LU185
LU186
LU187
LU188
LU189
LU190
LU191
LU192
LU193
LU194
LU195
LU197
LU225
LU226
LU227
LU258
LU268
LU229
LU235
LU237
LU245
LU252
LU170
LU083
LU084
LU085
LU086
LU087
LU088
LU094
LU096
LU097
LU098
LU099
LU106
LU107
LU108
LU109
LU110
LU111
LU112
LU119
LU079
LU120
AUGL048
AUBI038
AUBI052
AUBI053
AUFB048
AUFB049
LU269
LU270
LU271
LU272
MA101
MA102
MA103
MA104
LU257
LU256
LU255
LU254
LU228
LU078
LU075
LU042
LU045
LU047
LU048
LU050
LU153
LU154
LU155
LU156
LU157
LU158
LU159
LU160
LU161
LU162
LU163
LU164
LU165
LU166
LU167
LU168
LU169
LU150
LU149
LU148
LU147
LU124
LU125
LU126
LU127
LU128
LU129
LU130
LU131
LU132
LU171
LU134
LU138
LU139
LU140
AUSB204
LU141
LU142
LU143
LU144
LU145
LU146
LU137
MA107
MA108
MP003
MP004
MP005
MP006
MP007
MP008
MP009
MP010
MP020
MP001
MP022
MM105
MM103
MC120
MC121
MC122
MC123
MC124
MG101
MG102
MG103
MG104
MG105
MR0300GD
MR0300RD
MR0300TT
MR0400BE
MR0400GD
MR0400RD
MR0500BE
MR0500BK
MR0500CF
MR0500RD
MR0300BK
MR0300BE
MP119
MP118
MC110
MC111
MC112
MC113
MC114
MC115
MA179
MA178
MA177
MA176
MA156
MA157
MA158
MA159
MA160
MA161
MA162
MA163
MA164
MA154
MA165
MA167
MA168
MA169
MA170
MA171
MA172
MA173
MA174
MA175
MA166
JQ503
LU038
LU027
LC162
LC163
LC164
LC165
LC166
LC167
LC170
LC171
LC172
LC173
LC174
LC175
LC176
LC177
LC178
LC179
LC180
LC161
LC181
LC160
LC158
LC139
LC140
LC141
LM109
LM110
LM111
LM112
LC339
LC340
LC341
LC342
LC343
LC344
LC346
LM114
LM115
LM116
LU001
LU002
LU003
LU004
LU005
LU006
LU007
LU008
LU009
LU011
LU012
LU018
LU019
LU020
LU021
LU022
LU023
LU024
LS0102RD
LS0103GD
LS0103RD
LS0103TT
LS0104BK
LS0104GD
LS0104RD
LS0104TT
LS0105GD
LS0106TT
LS0102TT
LC324
LC323
LC322
LC256
LC257
LC258
LC259
LC260
LC261
LC262
LC263
LC264
LC265
LC266
LC267
LC268
LC269
LC270
LC271
LC272
LC274
LC255
LC254
LC253
LC252
LC232
LC233
LC234
LC235
LC236
LC237
LC238
LC239
LC240
LC275
LC282
LC283
LC284
LC285
LC292
LC293
LC294
MP028
LC295
LC296
LC297
LC298
LC289
FL184
FL183
FL182
CM201
CM202
CM203
CM204
CM205
CM206
CM207
CM208
CM209
CM210
CM211
CM212
CM213
CM214
CM215
CM217
CM218
CN101
CM200
CN102
CM199
CM197
CM178
CM179
CM180
CM181
CM182
CM183
CM184
CM185
CM186
CM187
CM188
CM189
CM190
CM191
CM192
CM193
CM194
CM195
CM196
CM198
CP003
CP004
CP064
CP065
CP066
CP073
CP074
CP1000
CP1001
CP1002
CP1003
CP1004
CP1005
CP1006
CP1007
CP1008
CP1009
CP1010
CP1011
CP061
CP060
CP052
CP050
CP007
CP008
CP009
CP010
CP011
CP012
CP013
CP014
CP015
CM177
CP016
CP018
CP019
CP040
CP042
CP044
CP045
CP046
CP048
CP017
CP1012
CM176
CM157
CI157
CI158
CI159
CI160
CI161
CI162
CI163
CI164
CI165
CI166
CI167
CI168
CI169
CI170
CI175
CI156
CI176
CI155
CI153
CI134
CI135
CI136
CI137
CI138
CI139
CI140
CI141
CI142
CI143
CI144
CI145
CI146
CI147
CI148
CI149
CI150
CI151
CI152
CI154
CI177
CI178
CI179
CM138
CM139
CM140
CM141
CM142
CM143
CM144
CM145
CM146
CM147
CM148
CM149
CM150
CM151
CM152
CM153
CM154
CM155
CM156
CM137
CM136
CM135
CM134
CI180
CI181
CI182
CI183
CM101
CM127
CM128
CM129
CM130
CM131
CM132
CM133
CM107
CP1013
CP1014
CP1015
CP403
CP404
CP405
CP406
CP407
CP408
CP409
CP424
CP425
CP426
CP430
CP432
CP433
CP434
CP436
CP439
CP440
CP671
CP672
CP381
CP673
CP380
CP378
CP344
CP345
CP346
CP347
CP348
CP349
CP350
CP351
CP352
CP353
CP358
CP359
CP360
CP361
CP362
CP374
CP375
CP701
CP702
CP703
CP704
CP705
CP706
CP707
CP708
CP709
CP710
CP711
CP712
CP713
CP714
CP715
CP716
CP717
CP718
CP719
CP700
CP699
CP698
CP697
CP677
CP678
CP679
CP680
CP681
CP682
CP683
CP684
CP685
CP343
CP686
CP688
CP689
CP690
CP691
CP692
CP693
CP694
CP695
CP696
CP687
CP342
CP340
CP339
CP163
CP164
CP165
CP170
CP171
CP172
CP315
CP317
CP321
CP323
CP324
CP325
CP327
CP328
CP329
CP330
CP331
CP332
CP333
CP334
CP335
CP336
CP337
CP338
CP300
CP299
CP298
CP297
CP249
CP250
CP251
CP252
CP253
CP254
CP255
BM121
BM122
BM124
BM125
BM126
BM055
BM056
BM057
BM058
BM059
BM060
BM061
BM062
BM063
BM064
BM065
BM067
BM129
BM130
BM160
BM161
BM199
BM200
BM201
BM159
BM156
BM155
BM154
BM131
BM132
BM133
BM134
BM135
BM136
BM139
BM140
BM141
BM046
BM142
BM144
BM145
BM146
BM147
BM148
BM149
BM150
BM152
BM153
BM143
BM202
BM045
BA101
BA102
BA103
BA104
BB101
AUVN009
AUVN007
AUVB104
AUVN001
AUVN002
AUVN003
AUVN004
AUVN005
AUVN006
AUVN008
BB102
BB103
BB104
BM013
BM015
BM017
BM018
BM019
BM020
BM021
BM022
BM023
BM024
BM025
BM026
BM027
BM028
BM029
BM030
BM031
BM032
BM038
BM011
BM010
BM009
BM007
BB105
BB106
BB109
BB110
BB111
BB112
BB113
BM040
BB114
BB116
BB117
BB118
BB119
BH101
BL101
BL102
BL103
BM006
BB115
BM203
BM204
BM205
BM479
BM480
BM481
BM482
BO001
BO101
BO102
BS101
BS102
BU101
BZ101
CD101
CD102
CD105
CD106
CD107
CD108
BM478
CD109
BM477
BM475
BM456
BM457
BM458
BM459
BM460
BM461
BM462
BM463
BM464
BM465
BM466
BM467
BM468
BM469
BM470
BM471
BM472
BM473
BM474
BM476
CD110
CD111
CI118
CI119
CI120
CI121
CI122
CI123
CI124
CI125
CI126
CI127
CI128
CI129
CI110
CI109
CI108
CI107
CD113
CD114
CD115
CD116
CD117
CD118
CD119
CD120
CD121
BM439
CD122
CD124
CD125
CD126
CI101
CI102
CI103
CI104
CI105
CI106
CD123
BM438
BM437
BM434
BM280
BM281
BM282
BM316
BM317
BM319
BM322
BM323
BM324
BM279
BM278
BM277
BM274
BM206
BM230
BM231
BM235
BM237
BM238
BM239
BM240
BM241
BM335
BM247
BM258
BM261
BM263
BM264
BM265
BM266
BM271
BM273
BM248
CI131
BM336
BM339
BM410
BM411
BM412
BM413
BM414
BM415
BM416
BM427
BM431
BM409
BM408
BM407
BM393
BM340
BM349
BM363
BM364
BM365
BM338
BM366
BM368
BM369
BM370
BM387
BM388
BM389
BM390
BM391
BM392
BM367
CP721
CP722
CP723
EN116
EN117
EN118
EN119
EN120
EN121
EN122
EN123
EN124
EN125
EN126
EN127
EN128
EN129
EN130
EN131
EN134
EN135
EN114
EN112
EM230
EM231
EM232
EM233
EM234
EM235
EM236
EM237
EN101
EN102
EN103
EN104
EN105
EN106
EN107
EN108
EN109
EN110
EN111
EN164
EN165
EN166
EN167
EN168
EN169
EN170
EN171
EN172
ES102
ES103
ES104
ES105
ES106
ES107
ES108
ES109
EN162
EN161
EN160
EN159
EN139
EN140
EN141
EN142
EN143
EN144
EN145
EN146
EN147
EM229
EN148
EN150
EN151
EN152
EN153
EN154
EN155
EN156
EN157
EN158
EN149
ES110
EM228
EM226
EM160
EM161
EM162
EM163
EM164
EM169
EM170
EM171
EM172
EM173
EM174
EM175
EM176
EM177
EM178
EM159
EM179
EM158
EM156
EM137
EM138
EM139
EM140
EM141
EM142
EM143
EM144
EM145
EM146
EM217
EM218
EM219
EM220
EM221
EM222
EM223
EM224
EM225
EM206
EM205
EM204
EM203
EM183
EM184
EM185
EM186
EM187
EM188
EM189
EM190
EM191
EM227
EM192
EM194
EM195
EM196
EM197
EM198
EM199
EM200
FL119
FL120
FL121
FL122
FL123
FL124
FL125
FL126
FL127
FL128
FL129
FL130
FL131
FL168
FL169
FL170
FL171
FL172
FL173
FL174
FL159
FL139
FL140
FL141
FL142
FL143
FL144
FL145
FL146
FL147
FA123
FL148
FL150
FL151
FL152
FL153
FL154
FL155
FL156
FL157
FL158
FL149
FA122
FA121
FA120
ET114
ET115
ET116
ET117
ET118
ET119
ET120
ET121
ET123
ET124
ET125
ET126
LC241
LC243
LC244
LC245
LC246
LC247
LC248
LC249
LC250
LC251
LC242
LC276
LC278
LC303
LC304
LC305
LC306
LC307
LC308
LC309
LC310
ET127
ET128
ET129
ET130
ET131
ET132
ET113
ET112
ET111
ES114
ES115
ES116
ES117
ES118
ES119
ES120
ES121
ES122
ET133
ES123
ET160
AUBI039
AUBI040
AUBI041
AUBI042
AUBI043
AUBI044
AUBI045
AUBI046
AUBI047
AUBI048
LC311
LC312
LC313
LC314
LC315
LC316
LC317
LC318
LC319
LC320
LC321
LC302
LC301
LC300
LC299
LC279
LC280
LC281
AUBI007
AUBA008
AUFB032
AUFB022
AUFB021
AUFA096
AUFA064
AUFA067
AUFA069
AUFA014
AUFA075
AUFA071
AUFA001
AUFA005
AURB006
AURB012
AURB015
AURB016
AUSB186
AUSB175
AUFA086
AUBI067
AUFA150
AUSB182
AUSB183
AUSB184
AUSB185
AUSB187
AUSB237
AUSB215
AUSB220
AUSB221
AUSB222
AUSB224
AUSB225
AUSB226
AUSB228
AUSB104
AUSB108
AUSB114
AUSB115
AUSB094
AUSB076
AUSB116
AUSB144
AUSB150
AUSB153
AUSB156
LC142
LC143
LC144
LC145
LC146
AUFA130
AUSB162
AUCB027
AUCB029
AUFA044
AUFA049
AUFA051
AUFA052
AUFA055
AUFA037
AUFA036
AUFA015
AUFA016
AUFA018
AUFA019
AUSB161
AUSB134
AUSB135
AUSB136
AUVB034
AUVB035
AUVB036
AUVB037
AUVB038
AUVB039
AUVB045
AUVB046
AUVB047
AUVB049
AUVB051
AUVB032
AUVB052
AUVB056
AUAB011
AUFA009
AUFA010
AURB014
AURB004
AURB017
AURB022
AUSB193
AUSB194
AUSB196
AUSB197
AUSB198
AUSB199
AUSB200
AUSB203
AUSB205
AUSB207
AUSB189
AUSB209
AUSB188
LC147
AUSB167
AUSB170
AUSB171
AUVB013
AUVB014
AUVB015
AUVB016
AUVB017
AUVB018
AUVB019
AUBA001
AUFA144
AUFB015
AUSB078
AUSB082
AUSB083
AUSB085
AUSB088
AUVB024
AUVB027
AUVB028
AUVB030
AUVB053
AUVB054
AUVB080
AUVB082
AUVB083
AUVB084
AUVB057
AUVB058
AUVB059
AUVB060
AUVB061
AUVB062
AUVB064
AUFA028
AUVB009
AUVB067
AUVB074
AUVB066
AUFA066
AUVB087
AUVB089
AUVB079
AUVB077
AUVB076
AUSB008
AUSB009
AUSB010
AUSB011
AUSB013
AUSB014
AULO014
AUPB006
AUPB007
AUPB055
AUPB019
AUPB020
AULA061
AULA062
AULA064
AULA066
AULA034
AULA035
AULA113
AULA097
AUPO051
AUPB086
AUFA077
AUSB056
AUSB210
AUSB015
AUSB016
AUSB017
AUSB018
AUSB019
AUSB020
AUSB021
AUSB002
AUSB050
AUSB052
AUSB053
AUSB054
AUSB057
AUSB058
AUSB059
AUSB064
AUSB065
AUSB068
AUSB049
AUPB073
AUPB074
AUPB075
AUPB076
AUPB077
MTGE096
AUFA076
AUVB022
AUSB061
AUSB062
AUSB063
AUSB048
AUSB046
AUSB026
AUSB027
AUSB029
AUSB030
AUSB031
AUSB037
AUSB040
AUSB042
AUSB043
AUSB045
AUSB036
AUSB070
AULO034
AULO016
AULO017
AULO018
AULO019
AULO020
AULO021
AULO022
AULO023
AULO031
AULO032
AULO033
AUGS602
AUVB086
AUSB012
AUSB038
AULO024
AULO026
AULO027
AULO028
AULO029
AULO013
AULO012
AULN001
AULN002
AULN003
AULN004
AULO003
AULO004
AULO005
AULO007
AULO008
AULO009
AULO010
AULO011
AULO035
AULA145
AULA146
AULA142
AUPB002
AUPB004
AUMV002
AUPB005
AUSB007
AULA147
AULA148
AULA144
AULA141
AULA124
AULA125
AULA126
AULA127
AULA128
AULA129
AULA130
AULA140
AUPB008
AUPB009
AUPB010
AUPB011
AUPB013
AUPB039
AUPB040
AUPB041
AUPB042
AUPB043
AUPB045
AUPB048
AUPB049
AUPB050
AUPB051
AUPB052
AUPB053
AUPB026
AUPB001
AUPB014
AUPB054
AUPB056
AUPB057
AUPB036
AUPB015
AUPB016
AUPB017
AUPB018
AUPB021
AUPB023
AUPB024
AUPB027
AUPB028
AUPB029
AUPB030
AUPB031
AUPB033
AUPB034
AUPB025
LC148
LC149
LC150
LC151
LC152
LC153
LC154
LC155
LC156
LC157
LC159
AULA053
AULA054
AULA055
AULA056
AULA115
AULA057
AULA058
AULA059
AULA060
AULA067
AULA069
LC182
LC183
LC184
LC209
LC210
LC211
LC212
LC213
LC214
LC215
LC216
LC217
LC218
LC219
LC220
LC221
LC222
LC223
LC224
LC225
LC226
LC227
LC208
AULA051
AULA071
AULA050
AULA029
AULA030
AULA031
AULA032
AULA033
AULA037
AULA039
AULA040
AULA042
AULA043
AULA044
AULA045
AULA046
AULA072
AULA073
AULA074
AULA099
AULA100
AULA102
AULA103
AULA104
AULA079
AULA080
AULA025
AULA014
AUPO044
LC207
LC206
LC205
LC185
LC186
AUPO045
AUPO046
AUPO047
AUPO048
AUPO049
AUPO050
AULA106
AULA110
AULA111
AUPO018
AULA105
AULA112
AULA095
AULA075
AULA076
AULA077
AULA078
AULA081
AULA082
AUPO039
AUPO037
AUPO020
AUPO021
AUPO022
AUPO103
AUPO104
AUPO105
AUPO106
AUPO087
AUPO086
AUPO085
AUPO084
AUPO064
AUPO065
AUPO066
AULA083
AULA028
AULA084
AULA092
AULA085
AULA027
AULA013
AUPO053
AUPO054
AUPO055
AUPO056
AUPO057
AUPO076
AUPO077
AUPO079
AUPO080
AUPO081
AUPO082
ET122
AUPO083
AUPO074
AUPC094
AUPC096
AUPC067
AUPC069
AUPC079
AUPC080
AUPC081
AUPC109
AUPC110
AUPO058
AUPO059
AUPO040
AUPO060
AUPO093
AUPO094
AUPO096
AUPO097
AUPO098
AUPO101
AUPO102
AUPO068
AUPO069
AUPO070
AUPO071
AUPO072
AUPO108
AUPO073
AUPO075
AUPC097
AUPC100
AUPL005
AUPL006
AUPL008
AUBO073
AUPC104
AUPC065
AUPC113
AUPC114
AUPC062
AUPC123
AUPC126
AUPB087
AUPB088
AUPB089
AUPB082
AUPB062
AUPC119
AUPB063
AUPB065
AUPB078
AUPB072
AUPC049
AUPC052
AUPC019
AUPC020
AUPC024
AUPC029
AUPC030
AUPC033
AUPC034
AUPL032
AUPL013
AUPL014
LC187
LC188
LC189
LC190
LC191
LC192
LC193
LC138
LC194
PN469
LC196
LC197
LC198
LC199
LC200
LC201
MTGE098
MTGI015
MTGI016
MTGI017
MTGS008
MTGS009
MTGS010
MTGV001
MTGV002
MTGV003
MTGV004
MTGV005
MTGV006
MTGV007
MTGV008
MTGV009
MTGV010
MTGV012
MTGV013
MTGV014
MTGV016
MTGS007
MTGS006
MTGR004
MTGR005
MTGR006
MTGR007
MTGR008
MTGE077
MTGR009
MTGR011
MTGR014
MTGR015
MTGE016
MTGE017
MTGE018
MTGE019
MTGE020
MTGE021
MTGE022
MTGE023
MTGE024
MTGE025
MTGE026
MTGE007
MTGE006
MTGE005
MTGE004
MTGB041
MTGB042
MTGB043
MTGB044
MTGB045
MTGB046
MTGB047
MTGB048
MTGB049
MTGE027
MTGB050
MTGB052
MTGB053
MTGE065
MTGE066
MTGE068
MTGE069
MTGE070
MTGE071
MTGE072
MTGE073
MTGE054
MTGE053
MTGE052
MTGE051
MTGE031
MTGE032
MTGE033
MTGE034
MTGE035
MTGE036
MTGE038
MTGE039
MTGE029
MTGE040
MTGE042
MTGE043
MTGE048
MTGE049
MTGE041
AUGR098
AUGR099
AUGR100
AUGR101
AUGR102
AUGR103
AUGR104
AUGR105
AUGR106
AUGR107
AUGR108
AUGR109
AUGR110
AUGR111
AUGR112
AUGR113
AUGR114
AUGR115
LC202
AUGR116
AUGR097
AUGR117
AUGR096
AUGR094
AUGR075
AUGR076
AUGR077
AUGR078
AUGR124
AUGR125
AUGR126
AUGR127
AUGR129
AUGR074
AUGR130
AUGR132
AUGR133
AUGR136
AUGR137
AUGR138
AUGR139
AUGR140
AUGR131
AUGR164
AUGR073
AUGR071
AUGR005
AUGR023
AUGR004
AUGR024
AUGR003
AUGL061
AUGL062
AUGL063
AUGL064
AUGL065
AUGL066
AUGL067
AUGL068
AUGL069
AUGL070
AUGL071
AUGR057
AUGR058
AUGR059
AUGR060
AUGR061
AUGR062
AUGR063
AUGR064
AUGR065
AUGR066
AUGR067
AUGR068
AUGR069
AUGR070
AUGR051
AUGR050
AUGR049
LC203
AUGR048
AUGR028
AUGR029
AUGR030
AUGR031
AUGR032
AUGR033
AUGR034
AUGR035
AUGR036
AUGR072
AUGR037
AUGR039
AUGR040
AUGR041
AUGR042
AUGR043
AUGR291
AUGR335
AUGR336
AUGR338
AUGR339
AUGR340
AUGR341
AUGR342
AUGR343
AUGR344
AUGR345
AUGR346
AUGR347
AUGR348
AUGR349
AUGR350
AUGR311
AUGR312
AUGR313
AUGR314
AUGR315
AUGR316
AUGR261
AUGR317
AUGR319
AUGR320
AUGR321
AUGR322
AUGR323
AUGR324
AUGR325
AUGR326
AUGR327
AUGR200
AUGR201
AUGR202
AUGR203
AUGR204
AUGR205
AUGR206
AUGR207
LC204
LC195
AUGR208
AUGR209
AUGR210
AUGR191
AUGR190
AUGR189
AUGR188
AUGR168
AUGR169
AUGR176
AUGR211
AUGR177
AUGR179
AUGR180
AUGR181
AUGR182
AUGR183
AUGR184
AUGR185
AUGR186
AUGR187
AUGR214
AUGR239
AUGR240
AUGR241
AUGR242
AUGR243
AUGR244
AUGR245
AUGR246
AUGR247
AUGR248
AUGR249
AUGR250
AUGR251
LC228
LC137
LC135
KP106
KP107
KP108
KP109
KP110
KP111
KP112
KP113
KP114
KP115
KP116
KP117
KP118
KP119
KP120
LA101
LA102
JQ520
JQ521
JQ522
KP101
KP103
LA106
AUGR252
AUGR253
AUGR254
AUGR255
AUGR256
AUGR257
AUGR238
AUGR237
AUGR236
AUGR235
AUGR215
AUGR216
AUGR217
AUGR218
AUGR219
AUGR220
AUGR231
AUGR232
AUGR233
AUGR234
AUGR225
AUGR351
AUGL051
AUGL049
AUGI024
AUGI025
AUGI026
AUGI027
AUGI028
AUGI029
AUGI030
AUGI031
AUGI032
AUGI033
AUGI034
AUGI043
AUGI022
AUGI020
AUGI001
AUGI002
AUGI003
AUGI004
AUGI005
AUGI006
AUGI007
AUGI008
AUGI009
AUGI019
AUGI021
AUGI044
AUGI045
AUGI046
AUGI071
AUGI072
AUGI073
AUGI074
AUGI075
AUGI076
AUGI077
AUGI078
AUGI079
AUGI080
AUGI082
AUGI084
AUGI085
AUGI086
AUGI087
AUGI088
AUGI089
AUGI070
AUGI069
AUGI068
AUGI067
AUGI047
AUGI048
AUGI050
AUGI051
AUGI052
AUGI053
AUGI054
AUGI055
AUGI056
AUGI058
AUGI059
AUGI060
AUGI061
AUGI062
AUGI063
AUGI064
AUGI065
AUGE038
AUGE064
AUGE055
AUGI091
MA106
MP011
MP012
MP013
MP014
MP015
AUGI092
MP016
AUGI093
AUGI211
MP017
MP018
MP019
AUGI212
AUGI213
AUGI214
AUGI215
AUGI216
AUGI217
AUGI218
AUGI219
AUGI220
AUGI221
AUGI222
AUGI223
AUGI224
AUGI225
AUGI226
MG106
AUGI227
AUGI228
AUGI229
AUGI210
AUGI230
AUGI209
AUGI207
AUGI192
AUGI201
AUGI202
MG107
MG108
MG109
MG110
MG111
MG112
MM101
MM102
LA107
AUGI203
AUGI231
AUGL001
AUGL002
AUGL030
AUGL031
AUGL032
AUGL033
AUGL034
AUGL035
AUGL036
AUGL037
AUGL038
AUGL039
AUGL040
AUGL041
AUGL042
AUGL043
AUGL044
AUGL045
AUGL029
AUGL027
AUGL008
LA108
LC116
LC117
LC118
LC119
LC120
LC121
LC122
LC123
LC124
LC125
LC126
LC127
LC128
LC129
AUGL010
AUGL012
AUGL013
AUGL015
AUGL017
AUGL018
AUGL020
AUGL025
AUGL014
AUGI186
AUGI185
AUGI184
AUGI118
AUGI119
AUGI120
AUGI121
AUGI116
AUGI115
AUGI114
AUGI094
AUGI095
AUGI097
AUGI111
AUGI112
AUGI113
AUGI104
AUGL050
AUGI138
AUGI140
AUGI165
AUGI167
AUGI168
AUGI169
AUGI171
AUGI172
AUGI173
AUGI174
MM104
MP025
MP026
MP027
MR103
MR104
MR105
MR106
MR107
MR108
MR109
MP035
MP036
MP101
MP102
MP103
MP104
AUGI175
MP105
MP106
LC130
LC131
LC132
LC133
LC134
AUGI176
AUGI177
AUGI179
AUGI180
AUGI181
AUGI182
AUGI183
AUGI164
AUGI163
AUGI162
AUGI161
AUGI141
AUGI142
AUGI143
AUGI144
AUGI145
AUGI146
AUGI147
AUGI148
AUGI149
AUGI139
AUGI153
AUGI154
AUGI156
AUGI157
AUGI158
AUGI159
AUGI160
AUGI151
AUGC098
AUGR352
AUGR354
AUGS432
AUGS434
AUGS435
AUGS436
AUGS437
AUGS438
AUGS439
MC119
MP107
MP109
MP110
MP111
MP112
MP113
MP114
MP115
MP116
MP117
MP108
MC118
MC117
MC116
MA133
MA134
LC115
LC114
LC113
LC112
LA109
LA110
LA111
AUGS440
MA135
AUGS441
AUGS442
AUGS443
AUGS444
AUGS445
AUGS446
AUGS447
AUGS448
AUGS449
AUGS450
AUGS431
AUGS451
AUGS430
AUGS428
AUGS410
AUGS411
AUGS412
AUGS413
AUGS414
AUGS415
AUGS416
AUGS417
AUGS418
AUGS419
AUGS420
AUGS421
AUGS422
AUGS423
AUGS425
AUGS426
AUGS427
AUGS429
AUGS452
AUGS453
AUGS454
AUGS479
AUGS480
MA136
MA137
MA138
MA139
MA140
MA141
MA142
MA143
MA144
MA145
MA146
MA147
LA112
LA113
LA114
LA115
LA116
LA117
LC136
LC101
LC103
LC104
LC105
LC106
LC107
ET159
AUGS481
AUGS482
AUGS483
AUGS484
AUGS485
AUGS486
AUGS487
AUGS488
AUGS489
AUGS490
AUGS491
AUGS492
AUGS494
AUGS495
AUGS496
AUGS497
AUGS478
AUGS477
AUGS476
AUGS475
AUGS455
AUGS456
AUGS457
AUGS458
AUGS459
AUGS460
AUGS461
AUGS462
AUGS463
AUGS408
MA148
MA149
MA150
MA151
MA132
MA130
LC108
LC109
LC110
LC111
LC102
LC229
LC230
LC231
LC349
LC350
LC351
LC352
LC353
LC354
LC355
LM101
LM102
LM103
LM104
LM105
LM106
LM107
LM108
ET158
ET157
ET137
ET138
AUGS464
AUGS466
LC348
LM113
LC347
LC345
LC326
LC327
LC328
LC329
LC330
LC331
LC332
LC333
LC334
LC335
LC336
LC337
LC338
ET139
ET140
ET141
ET142
ET143
ET144
ET145
ET135
ET146
ET148
ET149
ET150
AUGS467
AUGS468
AUGS469
AUGS470
AUGS471
AUGS472
AUGS473
AUGS474
AUGS465
AUGS498
AUGS407
AUGS340
AUGS344
AUGS345
AUGS346
AUGS347
ET151
ET152
ET153
ET154
ET155
ET156
ET147
EM135
EM134
EM133
CP841
CP842
CP843
CP844
CP845
CP846
CP847
AUGS348
AUGS349
AUGS350
AUGS351
MA109
MA110
LU026
LS0202GD
LS0201GD
LS0200GD
LS0107TT
LM117
LM118
LM119
LM120
LM121
LS0101GD
LS0101RD
LS0101TT
LS0102GD
LC325
CP848
CP849
CP850
CP851
CP852
CP853
CP854
CP855
CP856
CP857
CP858
CP859
CP840
CP860
CP839
AUGS352
AUGS355
AUGS356
AUGS357
AUGS338
AUGS358
AUGS337
AUGS335
AUGS316
AUGS317
AUGS318
AUGS319
AUGS320
AUGS321
CP837
CP818
CP819
CP820
CP821
CP822
CP823
CP824
CP825
CP826
CP827
CP828
CP829
CP830
CP831
CP832
LC273
LU028
CP833
CP834
CP902
CP903
CP904
CP905
CP906
CP887
CP886
CP885
CP884
CP864
CP865
CP866
CP867
CP868
CP869
CP870
CP871
CP872
CP817
CP873
CP875
CP876
CP877
CP878
CP879
CP749
CP750
CP751
CP752
CP753
CP754
CP755
CP756
CP757
CP758
CP759
CP760
CP761
CP762
CP763
CP764
CP765
CP766
CP747
CP746
CP745
CP744
CP724
CP725
CP726
CP727
CP728
CP729
CP730
CP731
CP732
AUGS322
CP767
CP733
CP735
AUGS323
LC286
LC287
LC277
LC288
LC290
LC291
CP736
CP737
CP738
CP739
CP740
CP741
CP742
CP743
CP734
CP907
CP768
CP770
CP795
CP812
CP813
CP794
CP793
CP792
CP791
CP771
CP772
CP773
CP774
CP775
CP776
CP777
CP778
CP779
CP769
CP780
CP782
CP783
CP784
CP785
CP786
CP787
CP788
CP789
CP790
CP781
MR110
CP908
CP910
EC119
EC120
EC121
CX105
CX106
EC101
AUGS324
AUGS325
AUGS326
AUGS327
AUGS328
AUGS329
EC102
EC103
EC104
EC105
CP006
CP062
CP063
EC106
EC107
EC108
EC109
EC110
EC111
EC112
EC113
EC114
EC116
EL110
EL111
EL112
EM125
EM126
EM127
EM128
EM129
EM130
EM131
EM132
EM113
EM112
EM111
EM110
EL113
EL114
EL115
EL116
EL117
EL118
EL119
EL120
EL121
CX101
EL122
EM101
EM102
EM103
EM104
EM105
EM106
EM107
EM108
EM109
EL123
CV101
CT109
CT108
CP945
CP946
CP947
CP948
CP949
CP950
AUGS330
AUGS331
AUGS332
CP959
CP960
CP961
CP962
AUGS333
CI171
CI172
CI173
CI174
CP963
CP944
CP943
CP942
CP941
CP911
CP912
CP923
CP924
AUGS334
CP925
CP926
CP927
CP928
CP929
CP964
CP930
CP932
CP933
CP934
CP935
CP936
CP937
CP938
CP939
CP940
CP931
CP909
CP965
CP967
CP992
CP993
CP994
CP995
CP996
CP997
CP998
CP999
CS101
CS102
CS103
CS104
CT101
CT102
CT103
CT104
CP988
CP968
CP969
CP970
CP971
CP972
CP973
AUGS336
AUGS361
CP974
CP975
CP976
CP966
CP977
PN490
PN488
PN467
CM102
CM103
CM104
CM105
CM158
CM106
CM108
CM126
CP979
CP980
CP981
CP982
CP983
CP984
CP985
CP986
CP987
CP978
MR111
MR113
PN276
PN277
PN278
PN281
PN282
PN288
PN289
PN290
PN291
PN292
PN293
PN296
PN297
PN302
PN303
PN304
PN306
PN308
PN241
PN245
PN248
PN251
PN263
PN268
PN271
PN348
PN354
PN355
PN360
PN361
PN317
PN468
PN470
PN472
PN473
PN474
PN185
AUGS386
AUGS388
AUGS389
AUGS390
AUGS391
AUGS392
AUGS393
AUGS394
CP376
CP377
CP379
CP674
CP675
CP676
AUGS395
AUGS396
AUGS397
AUGS398
AUGS399
AUGS400
AUGS401
AUGS402
AUGS403
AUGS404
AUGS385
AUGS384
AUGS383
PN450
PM392
PM393
PM394
PM395
PM396
PM397
PM398
PM399
PM400
PM401
PM402
PM403
PM404
PM405
PM406
PM407
PM408
PM410
PM433
PM434
PM435
PM460
PM461
PM462
PM463
PM464
PN476
PN477
PN478
PN479
PN480
PN514
PM465
PM466
PM467
PM468
PM469
PM470
PM471
PN515
AUGS382
AUGS362
AUGS363
AUGS364
AUGS365
AUGS366
AUGS367
AUGS368
AUGS369
AUGS370
AUGS406
AUGS371
AUGS373
AUGS374
AUGS375
AUGS376
AUGS377
AUGS378
AUGS379
AUGS380
AUGS381
AUGS372
AUGS499
AUGS500
AUGS501
AUGS619
AUGS620
AUGS621
AUGS623
AUGS624
AUGS625
AUGS626
AUGS627
AUGS628
AUGS629
AUGS603
AUGS604
AUGS605
AUGS606
AUGS607
AUGS608
CP173
CP174
CP176
CP178
CP180
CP182
CP183
CP184
CP185
CP186
CP187
CP198
CP241
CP159
CP158
CP156
CP155
CP1016
CP1017
CP1018
CP1019
CP1020
CP1021
CP1022
CP1023
CP1024
CP242
AUGS609
MA111
MA112
MA113
MA114
CP1025
CP1027
CP1028
CP1029
CP1030
CP1031
CP1032
CP1033
CP154
CP1026
CI133
CP243
CP248
CP314
PM472
PM473
PM474
PM475
PM441
PM442
PM443
PM444
PM389
PM445
PM447
PM448
PM449
PM450
PM451
AUGS610
AUGS611
AUGS612
AUGS613
AUGS614
AUGS616
AUGS639
AUGS640
AUGS641
AUGS666
AUGS667
AUGS668
AUGS669
AUGS670
AUGS671
AUGS672
PM452
PM453
PM454
PM455
PM446
PM479
PM388
PM386
PM320
PM321
PM322
PM323
PM324
PM325
AUGS673
AUGS674
AUGS675
AUGS648
AUGS529
AUGS530
AUGS537
AUGS538
CP259
CP261
CP246
CP262
CP279
AUGS539
AUGS540
AUGS541
AUGS542
AUGS543
AUGS544
AUGS525
AUGS524
AUGS523
AUGS522
AUGS502
AUGS503
AUGS504
AUGS505
AUGS506
AUGS507
AUGS508
AUGS509
AUGS510
AUGS545
AUGS511
CP280
CP282
CP286
CP288
CP290
CP294
CP295
CP296
CP264
CP720
CI132
CI130
BM071
BM076
BM077
BM078
BM079
BM080
BM083
BM084
BM085
BM110
BM111
BM112
BM120
PM326
PM327
PM329
PM330
PM304
AUGS513
AUGS514
AUGS515
AUGS516
AUGS517
AUGS518
BM069
BM127
BM068
BM066
BM047
BM048
BM049
BM050
BM051
BM052
BM053
BM054
PM305
PM306
PM307
PM308
PM309
PM310
PM311
PM312
PM313
PM314
PM315
PM378
PM379
PM380
PM381
PM382
PM383
PM384
PM385
PM366
PM365
PM364
PM363
PM343
PM344
PM345
PM346
PM347
AUGS519
PM348
PM349
PM350
PM351
PM387
PM352
AUGS520
AUGS521
AUGS512
AUGS315
PM354
PM355
PM356
PM357
PM358
PM359
PM360
PM361
PM362
AUGS546
BM039
AUVN011
AUVN012
AUVN013
AUVN016
AUVN017
AUVN019
AUVN020
AUVN021
AUVN023
AUVN024
PM353
PM480
PM481
PM482
PM600
PM605
PM606
PM607
PM608
PM609
PM610
PM611
PM612
PM613
PM614
PM615
PM616
PM617
PM618
PM599
PM619
PM598
PM596
PM577
PM578
PM579
PM580
PM581
PM582
PM583
PM584
PM585
PM586
AUGS548
AUGS573
AUGS574
AUGS575
AUGS576
AUGS577
AUGS578
AUGS579
AUGS580
AUGS581
PM587
PM588
PM589
PM590
PM591
PM592
PM593
PM594
PM595
RT014
BB107
BB108
PM597
PM620
PM621
PM622
PM647
PM648
PM649
PM650
PM651
PM652
PM653
PM654
PM655
PM656
PM657
PM658
PM659
PM660
PM661
PM662
PM576
PM632
PM634
PM635
PM636
PM637
PM638
PM639
PM640
PM641
PM642
PM633
PM575
PM574
PM573
PM507
PM508
PM509
PM510
PM511
PM512
PM513
PM514
PM515
PM516
PM517
PM518
PM519
PM520
PM521
PM522
PM523
PM524
PM487
PM488
PM489
PM490
PM491
PM526
PM492
AUGS582
AUGS570
AUGS569
AUGS549
AUGS550
AUGS551
AUGS552
AUGS553
AUGS554
AUGS555
AUGS556
MA115
MA116
CD112
CI111
CI112
CI113
CI114
CI115
CI116
CI117
PM494
PM495
PM496
PM497
PM498
PM499
PM500
PM501
PM502
PM493
PM667
PM527
PM529
PM554
PM555
PM556
PM557
PM558
PM559
PM560
PM561
PM562
PM563
PM564
PM565
PM566
PM567
PM568
PM569
PM570
PM571
PM572
PM553
PM552
PM551
AUGS557
PM550
PM530
PM531
PM532
PM533
TM133
TM134
TM135
TM136
TM137
AUGS547
BM283
BM284
BM285
BM286
BM288
BM289
BM305
BM307
BM311
BM314
TM138
TM139
TM140
TM141
TM142
TM143
TM144
TM145
TM126
TM124
AUGS558
AUGS560
AUGS561
AUGS562
AUGS563
AUGS564
AUGS565
AUGS566
TM147
TM148
TM174
TM175
TM176
TM177
TM178
TM179
TM180
TM181
TM182
TM183
TM184
TM185
TM186
TM187
TM188
TM189
TM190
TM191
TM170
TM150
TM151
TM152
TM153
TM154
TM155
TM156
TM157
TM158
TM103
TM159
TM161
TM162
TM163
TM164
TM165
BM350
BM356
BM357
BM362
TM166
TM167
TM168
TM169
TM160
TM193
TM102
TA112
SL101
SL102
SL103
SL104
SL105
SL106
SL107
SL108
SL109
SL110
SL111
SL112
SL113
SL114
SL115
SL116
SL117
SL118
AUGS567
SL119
AUGS568
AUGS559
RT530
SL120
RT529
RT527
RT508
RT509
RT510
RT511
RT512
RT513
RT514
RT515
RT516
RT517
RT518
RT526
RT528
SL121
SM101
SM102
SU124
SU125
SU126
SU127
SU128
SU129
SU130
SU131
TA101
TA102
TA103
TA104
AUGR353
AUGS314
AUGS312
EN113
AUGS059
EN136
EN137
EN138
EN163
ES101
TA105
TA106
AUGS060
TA107
TA108
TA109
TA110
TA111
SU123
SU122
SU121
SU120
SR101
SU101
SU102
SU103
SU104
SU105
SU106
SU107
SU108
TM101
SU109
SU111
SU112
SU113
SU114
SU115
SU116
SU117
SU118
SU119
SU110
TM194
TM195
TM196
TS110
TS111
TS112
TS113
TS114
TS115
TS116
TR141
TS117
TR140
TR138
TR119
TR120
TR121
TR122
TR123
TR124
AUGS061
EM165
EM166
EM167
EM168
TR125
TR126
TR127
TR128
TR129
TR130
TR131
TR132
TR133
TR134
TR135
TR136
TR137
TR139
AUGS062
AUGS063
TS118
TS119
AUGS064
TS120
AUGS066
VA103
VA104
VA105
VA106
VA107
VA108
VA109
VA110
TS136
TS137
TS138
TM221
TM222
TM223
TM224
TM225
TM226
TM227
TM228
TM229
TM230
TM231
TM232
TM233
TM234
TM235
TM236
TM237
TM238
TM239
TM220
TM219
TM218
TM217
TM197
TM198
TM199
TM200
MA117
MA152
MA118
MA120
MA121
MA122
MA123
MA124
MA125
MA126
MA127
MA128
MA119
LU040
MA153
MA155
MA180
MA181
MA182
EM201
EM202
EM193
ES111
ES112
ES113
FL116
FL117
FL118
TM201
TM202
AUGS067
AUGS068
AUGS069
AUGS070
AUGS071
AUGS072
AUGS073
AUGS074
AUGS075
AUGS076
AUGS077
AUGS058
AUGS078
AUGS057
AUGS055
AUGS036
AUGS037
AUGS038
AUGS039
AUGS040
AUGS041
AUGS042
AUGS043
AUGS044
AUGS045
AUGS046
AUGS047
TM203
TM204
TM205
TM240
TM206
TM208
TM209
TM210
TM211
TM212
TM213
TM214
TM215
TM216
TM207
RT507
TM241
TM243
TM511
TM512
TM513
TR001
TR002
TM246
TM247
TM248
TM249
TM250
TM251
TM252
TM242
TM253
TM255
TM256
TM500
TM501
TM502
TM503
TM504
TM505
TM506
TM254
RC114
RT506
RT504
RC214
RC215
RC284
RC285
RC286
RC287
RC288
RC289
RC290
RC291
RC292
RC293
RC294
RC295
RC296
RC297
RC278
RC277
RC276
RC275
RC255
RC256
RC140
RC141
RC142
RC143
RC144
RC145
AUGS048
AUGS049
AUGS050
AUGS051
AUGS052
AUGS053
AUGS054
AUGS056
AUGS079
AUGS080
AUGS081
AUGS106
AUGS107
AUGS108
AUGS109
AUGS110
AUGS111
AUGS112
AUGS113
AUGS115
AUGS102
AUGS082
AUGS083
AUGS084
AUGS085
AUGS086
AUGS087
AUGS088
AUGS089
AUGS090
ET101
ET102
ET103
ET104
ET105
ET106
ET107
ET108
ET109
ES124
EM136
ET134
ET136
FA101
FA102
FA103
FA104
FA105
FA106
FA107
FA108
FA109
FA110
FA111
FA112
FA113
FA114
FA115
FA116
FA117
FA118
FA119
RC146
RC147
RC148
RC149
RC150
RC151
RC152
RC133
RC134
RC136
RC159
RC160
RC161
RC186
RC187
RC188
RC189
RC190
RC191
RC192
RC193
RC194
RC195
RC196
RC197
RC198
RC199
RC200
RC201
RC202
RC203
RC204
RC185
RC184
RC183
RC182
RC162
RC163
RC164
RC165
RC166
RC167
RC168
RC169
RC170
RC206
RC171
RC173
RC174
RC175
RC176
RC177
RC178
RC179
RC180
RC181
RC172
RC300
RC301
RG101
RG102
RG103
RG104
AUGS035
AUGS091
AUGR387
AUGR388
AUGR389
AUGR390
AUGR360
AUGR361
AUGR362
AUGR363
AUGR364
AUGR365
AUGR366
AUGR367
AUGR368
AUGR369
AUGR370
AUGR371
CP835
CP836
CP838
CP861
CP862
CP863
CP888
CP889
CP890
CP891
CP892
CP893
CP894
CP895
CP896
CP897
CP898
CP899
CP900
CP901
RG105
RG106
RG107
RG108
RD126
RD127
RD128
RD129
RD130
RE101
RE102
RE103
RE104
RE105
RE106
RE107
RE108
RE109
RE110
RE111
RF101
RF102
RF104
RO108
RO109
AUGR372
RT035
AUGR373
AUGR375
AUGR398
AUGR399
AUGR400
AUGS013
AUGS014
CP880
CP881
CP882
CP883
CP874
CP816
CP815
CP814
CP748
RO110
RT015
RT016
RT018
RT019
RT020
RT021
RT022
RT023
RT025
RT026
RT030
RT031
RT036
RT500
RT501
RT502
RT503
MR500
MR501
MR502
MR503
MR504
MR505
MR507
MR530
MR531
MR532
MR558
MR556
MR555
MR554
MR553
MR533
MR534
MR535
MR536
MR537
MR783
MR784
MR785
MR787
MR810
MR811
MR826
MR827
AUGS015
AUGS016
AUGS017
AUGS018
AUGS019
AUGS020
AUGS021
AUGS022
AUGS023
AUGS024
AUGS025
AUGS026
AUGS027
AUGS028
AUGS029
AUGS030
AUGS031
CP796
CP797
CP798
CP799
CP800
CP801
CP802
CP803
CP804
CP805
CP806
CP807
CP808
CP809
CP810
CP811
MR828
MR829
MR830
MR831
MR832
MR823
MR765
MR764
MR763
MR697
MR698
MR699
MR700
MR701
MR702
MR703
MR704
MR705
MR706
MR707
MR708
MR709
MR710
MR711
MR712
MR713
MR714
MR715
MR696
MR695
MR694
MA131
AUGS012
AUGS011
AUGS010
AUGS009
AUGR401
AUGR402
AUGR403
AUGR404
AUGR405
AUGR406
AUGR407
AUGR408
AUGR409
AUGS033
AUGR410
AUGR412
AUGS001
AUGS002
AUGS003
AUGS004
AUGS005
AUGS006
EC122
EC123
EC124
EC125
EC126
EC127
EC128
EC129
EL101
EL102
EL103
EL104
EL105
EL106
EL107
EL108
EC118
EL109
EC117
EC115
CX103
CX104
MR693
MR675
MR676
MR677
MR678
MR679
MR277
MR278
MR279
MR273
MR253
MR254
MR255
MR256
MR257
MR258
MR259
MR260
AUGS007
AUGS008
AUGR411
AUGS126
AUGS127
AUGS128
AUGS246
AUGS247
AUGS248
AUGS249
AUGS250
EM114
EM115
EM116
EM117
EM118
EM119
EM120
EM121
EM122
EM123
EM124
MR261
MR206
MR262
MR264
MR265
MR266
MR267
MR268
MR269
MR270
MR271
MR272
MR263
MR296
MR205
MR203
MR137
MR138
MR139
MR140
MR141
MR142
MR143
MR144
MR145
MR146
MR395
MR396
MR397
MR398
MR399
MR400
MR401
MR402
MR403
MR404
MR405
MR406
MR407
MR408
AUGS251
AUGS252
AUGS253
AUGS254
AUGS255
AUGS256
AUGS257
AUGS258
CP951
CP952
CP953
CP954
CP955
CP956
CP957
CP958
MR409
MR410
MR411
MR412
MR443
MR325
MR326
MR327
MR328
MR329
MR330
MR331
MR332
MR333
MR334
MR335
MR336
MR337
MR338
MR339
MR340
MR341
MR342
MR323
MR316
MR317
MR318
MR319
MR310
MR484
MR344
MR346
MR371
MR372
MR373
MR374
MR375
MR376
MR377
MR378
MR379
MR380
MR381
MR382
MR383
MR384
MTGV019
MTGV018
MTGV017
CT105
CT106
CT107
CP991
CP990
CP989
RT013
MR385
PA163
PA164
PA165
PA166
PA167
PA168
PC101
PC102
PC103
PC104
PC105
PC106
PC107
PA151
PA152
PA153
PA154
PA155
PA156
PA157
PA159
PM135
PM136
PM137
PM138
PM139
PM140
PM141
PM142
PM143
PM144
PM145
PM146
PM170
PM171
PM172
PM173
PM174
PM175
PM176
PM167
MT507
MT508
MT509
MT510
MT511
MT512
MT513
AUGS223
AUGS224
AUGS225
PN497
PN498
PN499
PN500
PN501
PN502
PN503
PN504
PN505
PN506
PN507
PN508
PN509
PN510
PN511
PN491
PN512
AUGS226
AUGS227
AUGS228
AUGS229
AUGS230
AUGS231
AUGS232
AUGS234
AUGS235
PN319
PN334
PN335
PN012
PN017
PN018
PN032
PN078
PN079
PN195
AUGS236
AUGS237
AUGS238
AUGS239
AUGS240
AUGS241
AUGS243
AUGS266
AUGS267
AUGS268
AUGS293
AUGS294
AUGS295
AUGS296
MT514
MT515
MT516
MT517
MT518
MT519
MT520
MT521
MT522
MT523
MT524
MT525
MT506
MT526
MT505
PN481
PN482
PN483
PN485
PN486
PN487
PN513
MT503
MT018
MT019
MT021
MR865
MR866
MR880
MR881
MR882
MTGI005
MTGE085
MTGE086
MTGE087
MTGE088
MTGE089
MTGE090
AUGS297
AUGS298
AUGS299
AUGS300
AUGS301
AUGS270
AUGS271
AUGS272
AUGS273
AUGS274
AUGS275
AUGS276
AUGS277
AUGS222
AUGS278
AUGS280
AUGS281
AUGS282
AUGS283
AUGS284
AUGS285
AUGS286
AUGS287
AUGS288
AUGS279
AUGS221
AUGS220
AUGS219
AUGS153
AUGS154
AUGS155
AUGS156
AUGS157
AUGS158
AUGS159
AUGS160
MTGR016
PM476
PM477
PM478
PM459
PM458
PM457
PM456
PM436
PM437
PM438
PM439
PM440
MTGS001
MTGS002
MTGS003
MTGR010
MTGE010
MTGE011
MTGE012
MTGE013
MTGE014
MTGE015
AUGS161
AUGS162
AUGS163
AUGS164
AUGS165
AUGS166
AUGS167
AUGS168
AUGS169
AUGS170
AUGS171
AUGS152
AUGS151
AUGS150
AUGS149
AUGS129
AUGS130
AUGS131
AUGS132
AUGS133
AUGS134
AUGS135
AUGS136
AUGS137
AUGS172
AUGS138
AUGS140
AUGS211
AUGS213
PM317
PM340
PM341
PM342
PM367
PM368
PM369
PM370
PM371
PM372
PM373
PM374
PM375
PM377
MTGB054
MTGE003
MTGB051
MTGB039
MTGE028
MTGE030
MTGE055
MTGE056
MTGE057
MTGE059
MTGE061
MTGE062
MTGE063
MTGE064
AUGS214
AUGS215
AUGS216
AUGS217
AUGS218
AUGS199
AUGS198
AUGS197
AUGS196
AUGS176
AUGS178
AUGS179
AUGS180
AUGS181
AUGS182
AUGS183
AUGS184
AUGS174
AUGS185
AUGS187
AUGS188
AUGS189
AUGS190
PM601
PM602
PM603
PM604
MTGE044
MTGE045
MTGE046
AUVB101
AUVB099
MTGE047
AUGS191
AUGS192
AUGS193
AUGS194
AUGS195
AUGS186
AUGC097
AUGC096
AUGC095
AUGA028
AUGA029
AUGA030
AUGA021
AUGB015
AUGC040
AUGC041
AUGC042
AUGC043
AUGC044
AUGC046
AUGC047
AUGC028
AUGC048
AUGC025
AUGC006
AUGC007
AUGC008
AUGC009
AUGC010
AUGC011
AUGC012
AUGC013
AUGC014
AUGC015
AUGC016
AUGC017
AUGC018
AUGC019
AUGC020
AUGC021
AUGC022
AUGC023
AUGC024
AUGC026
AUGC049
AUGC050
AUGC051
AUGC076
AUGC077
PM663
PM664
PM665
PM646
PM645
PM644
PM643
PM623
PM624
PM625
PM626
PM627
PM628
PM629
PM630
PM631
AUGR007
AUGR008
AUGR009
AUGR010
AUGR012
AUGR013
AUGR014
AUGR015
AUGR016
AUGR017
AUGR018
AUGR019
AUGR020
AUGR021
AUGR022
AUGL058
AUGC078
AUGC079
AUGC080
AUGC081
AUGC082
AUGC083
AUGC084
AUGC085
AUGC086
AUGC088
AUGC089
AUGC090
AUGC091
AUGC092
PM525
PM506
PM505
PM504
PM503
PM483
PM484
PM485
PM486
AUGR002
AUGR025
AUGR026
AUGR027
AUGR052
AUGR053
AUGR054
AUGR055
AUGR056
AUGC093
AUGC094
AUGC075
AUGC074
AUGC073
AUGC072
AUGC052
AUGC053
AUGC054
AUGC055
AUGC056
AUGC057
AUGC058
AUGC059
AUGC060
AUGC005
AUGC061
AUGC063
AUGC064
AUGC065
AUGC066
AUGC067
AUGC068
AUGC069
AUGC070
AUGC071
AUGC062
AUGC004
AUGC003
AUGC002
AUGB043
AUGB044
AUGB045
AUGB046
AUGB047
AUGR292
AUGR293
AUGR294
AUGR295
AUGR296
AUGR302
AUGR303
AUGR284
AUGR304
AUGR283
AUGR281
AUGR262
AUGB048
AUGB049
PM534
PM535
PM536
PM537
PM538
PM528
PM539
PM541
PM542
PM543
PM544
PM545
PM546
PM547
PM548
PM549
PM540
PM296
RC113
RC115
TM127
TM128
TM129
TM130
TM131
TM132
AUGB050
AUGB051
AUGB052
AUGB053
AUGB054
AUGB055
AUGB056
AUGB057
AUGB058
AUGB059
AUGB060
AUGR263
AUVN018
AUGR264
AUGR265
TM146
TM125
TM123
TM104
TM105
TM106
TM107
TM108
TM109
TM110
TM111
TM112
TM113
TM114
TM115
TM116
TM117
TM118
TM119
TM120
TM121
TM122
AUGR266
AUGR267
AUGR268
AUGR269
AUGR270
AUGR271
AUGR272
AUGR273
AUGR274
AUGR275
AUGR276
AUGR277
AUGR278
AUGR279
AUGR280
AUGR305
AUGR306
TM192
TM173
TM172
TM171
AUGR307
AUGR332
AUGR333
AUGR334
AUGB061
AUGB042
AUGB041
AUGB040
AUGB039
AUGB019
AUGB020
AUGB021
AUGB022
AUGB025
AUGB026
AUGB027
AUGB062
AUGB028
AUGB032
AUGB033
AUGB034
AUGB035
AUGB036
AUGB037
AUGB038
AUGB029
AUGB063
AUGB065
AUGB090
AUGB091
AUGB092
AUGB093
AUGB094
AUGB095
AUGB096
AUGB097
AUGB098
AUGB099
AUGB100
AUGB101
AUGB102
AUGB103
AUGB104
AUGB105
AUGB106
AUGB107
AUGC001
AUGB089
AUGB088
AUGB087
AUGB086
AUGB066
AUGB067
AUGB068
AUGB069
AUGB070
AUGR170
RT519
RT520
RT521
RT522
RT523
RT524
RT525
AUGR171
AUGR172
AUGR173
AUGR174
AUGR175
AUGB071
AUGB072
AUGB073
AUGB074
AUGB064
AUGB075
AUGB077
AUGB078
AUGB079
AUGB080
AUGB081
AUGB082
AUGB083
AUGB084
AUGB085
AUGB076
AUGT039
AUGT040
AUGT041
AUGT042
AUGT043
AUGT044
AUGT045
AUGT046
AUGT047
AUGT048
AUGV001
AUGV002
AUGV003
AUGV004
AUGV005
AUGT034
AUGV006
AUGT033
AUGT031
AUGT012
AUGT013
AUGT014
AUGT015
AUGT016
AUGT017
AUGT018
AUGT019
AUGR221
TR142
TS0500BK
TS101
TS102
TS103
TS104
TS105
TS106
TS107
TS108
TS109
AUGR222
AUGR223
AUGR213
AUGR224
AUGR226
AUGR227
AUGR228
AUGR229
AUGR230
AUGT020
AUGT021
AUGT022
AUGT023
AUGT024
AUGT025
AUGT026
AUGT027
AUGT030
AUGT032
AUGV007
AUGV008
AUGV009
AUGV034
AUGV035
AUGV036
AUGV037
AUGV038
AUGV039
AUGV040
AUGV041
AUGV042
AUGV043
AUGV044
AUGV045
AUGV046
AUGV047
AUGV048
AUGV049
AUGV050
AUGV022
AUGI010
AUGI011
AUGV051
AUGV052
AUGV033
AUGV032
AUGV031
AUGV030
AUGV010
AUGV011
AUGV012
AUGV013
AUGV014
AUGV015
AUGV016
AUGV017
AUGV018
AUGT011
AUGV019
AUGV021
AUGV023
AUGV024
AUGV025
AUGV026
AUGV027
AUGV028
AUVN022
AUGV029
AUGV020
VA111
VA112
VA113
VA114
VA115
VA116
VA117
VA118
VA119
VA120
aurm462
VA102
VA101
TS142
TS141
TS121
TS122
TS123
TS124
TS125
TS126
TS127
TS128
TS129
TR118
TS130
TS132
TS133
TS134
TS135
AUGI012
TS139
TS140
TS131
TR117
TR116
TR115
AUGI013
AUGI014
AUGI015
AUGI016
AUGI018
AUGV053
AUGT010
AUGT008
AUGS713
AUGS715
AUGS716
AUGS717
AUGS718
AUGS719
AUGS720
AUGS721
AUGS722
AUGS723
AUGS724
AUGS725
AUGS726
AUGS727
AUGS728
AUGS729
AUGS730
AUGS711
AUGS731
AUGS710
AUGS708
AUGS689
AUGS690
AUGS691
AUGS692
AUGS693
AUGS694
AUGS695
AUGS696
AUGS697
AUGS698
AUGS699
AUGS700
AUGS702
AUGS703
AUGS704
AUGS705
AUGS706
AUGS707
AUGS709
AUGS732
TR101
TR102
TR103
TR104
TR105
TR106
TR107
TR108
TR109
TR110
TR111
TR112
TR113
TR114
TM510
TM509
TM508
TM507
TM244
TM245
AUGI066
AUGI057
AUGI090
AUGE090
AUGE088
AUGE022
AUGE023
AUGE024
AUGE025
AUGE026
AUGE027
AUGE028
AUGE029
AUGE030
AUGE031
AUGE032
AUGE033
AUGE034
AUGE035
AUGE036
AUGE037
AUGS734
AUGE039
AUGS759
AUGS760
AUGS761
AUGS762
AUGS763
AUGS764
AUGS765
AUGS766
AUGS767
AUGS768
AUGS769
AUGS770
AUGT001
AUGT002
AUGT003
AUGT004
AUGT005
AUGT006
AUGV054
AUGV055
AUGV056
AUGZ032
AUGZ033
AUGZ034
AUVN025
AUGZ035
AUGZ036
AUGZ037
RC232
RC233
RC234
RC235
RC236
RC237
RC238
RC239
RC240
RC241
RC242
RC243
RC244
RC245
RC246
RC247
RC248
RC249
RC250
RC231
RC251
RC230
RC228
RC209
RC210
RC211
RC212
RC213
RT012
AUGZ038
AUGZ019
AUGZ018
AUGC099
RC216
RC217
RC218
RC219
RC220
RC221
RC222
RC223
RC224
RC225
RC226
RC227
RC229
RC252
RC253
RC254
RC279
RC280
RC281
RC282
RC283
AUGE001
AUGE002
AUGE003
AUGE005
AUGE019
AUGE072
AUGE073
AUGE074
AUGE075
AUGE081
AUGE082
AUGE083
AUGE084
AUGE085
AUGE086
AUGE087
AUGE068
AUGE067
AUGE066
AUGZ017
AUGZ016
AUGE065
AUGE045
AUGE046
AUGE047
AUGE048
AUGE049
AUGE050
AUGE051
AULD021
MA129
AUGE052
AUGE053
AUGE089
AUGE054
AUGV057
RC257
RC258
RC259
RC260
RC261
RC262
RC263
RC208
RC264
RC266
RC267
RC268
RC269
RC270
RC271
RC272
RC273
RC274
RC265
RC298
RC207
RC205
RC139
RT011
AUGV058
AUGV059
AUGV060
AUGV061
AUGZ001
AUGZ002
AUGZ003
AUGZ004
AUGZ039
AUGZ005
AUGZ007
AUGZ008
AUGZ009
AUGE056
RC153
RC154
AUGE057
AUGE058
AUGE059
AUGE060
AUGE061
AUGE062
AUGE063
AUGZ010
RC155
AUGZ011
AUGZ012
AUGZ013
AUGZ014
AUGZ015
AUGZ006
AUGZ040
AUGZ042
AUGZ055
AUGZ056
RC156
RC157
RC138
RC158
RC137
RC135
RC116
RC117
RC118
RC119
RC120
RC121
RC122
RC123
RC124
RC125
RC126
RC127
RC128
RC129
RC130
RC131
RC132
AUGZ057
AUGZ058
AUGZ059
AUGZ060
AUGZ061
AUGZ053
AUGL019
RO111
RO112
AUGS359
AUGS360
JQ120
JQ127
JQ066
JQ137
JQ065
JQ063
JQ012
JQ013
JQ014
JQ015
JQ016
JQ017
JQ018
JQ019
JQ020
JQ021
JQ022
RO113
RO114
RO115
RO116
RO117
RO118
AUGS630
AUGS631
AUGS632
AUGS633
RO119
RD124
RO120
RT002
RT003
RT004
RT005
RT006
RT007
RT008
RT009
RT010
RT001
RD123
RD122
RD121
RC326
RC327
RC328
RC329
RC330
AUGS634
AUGS635
AUGS636
AUGS637
AUGS618
AUGS596
AUGS597
AUGS598
AUGS599
AUGS600
AUGS601
MA183
RC331
RC332
RC333
RC334
RC335
RC336
RC337
RC338
RC339
RC340
RC341
RC342
RC343
RC344
RC325
RC324
RC323
RC322
RC302
RC303
AUGS676
AUGS677
AUGS678
AUGS679
AUGS680
AUGS681
AUGS682
AUGS683
AUGS684
AUGS665
AUGS664
AUGS663
AUGS662
AUGS642
AUGS643
AUGS644
AUGS645
AUGS646
AUGS647
JQ203
JQ204
JQ191
JQ231
JJ181
JJ179
JJ113
JJ114
JJ115
JJ116
JJ117
RC304
RC305
RC306
RC307
RC308
RC309
RC310
RD105
RD106
RD107
AUGS649
AUGS650
AUGS595
AUGS651
AUGS653
AUGS654
AUGS655
AUGS656
AUGS657
AUGS658
AUGS659
AUGS660
AUGS661
AUGS652
AUGS594
AUGS593
AUGS592
AUGS526
AUGS527
AUGS528
MC101
MC102
MC103
RD108
RD109
RD110
AUGS531
AUGS532
AUGS533
AUGS534
AUGS535
AUGS536
MC104
MC105
MC106
MC107
RD111
RD112
RD113
RD114
RD115
RD116
AUGS583
AUGS584
AUGS585
AUGS586
AUGS587
AUGS588
AUGS589
AUGS590
AUGS591
AUGS572
AUGS571
RD117
AUGS065
RD118
RD119
RD120
RD101
RC671
RC370
RC369
RC349
RC350
RC351
RC352
RC353
RC354
RC355
RC356
RC357
MR614
MR615
MR616
MR617
AUGS096
AUGS097
AUGS098
AUGS099
AUGS100
AUGS101
AUGS092
AUGS125
AUGS034
AUGS032
AUGR378
AUGR379
AUGR380
AUGR381
AUGR382
AUGR383
AUGR384
AUGR385
AUGR386
MR618
MR619
MR620
MR621
MR602
MR622
MR601
MR599
MR580
MR581
MR582
MR585
MR586
MR587
MR588
MR589
MR590
AUGR391
AUGR392
AUGR393
AUGR394
AUGR395
AUGR396
AUGR377
AUGR397
AUGR376
AUGR374
AUGR355
AUGR356
AUGR357
AUGR358
AUGR359
JQ108
MR591
MR592
MR593
MR594
MR595
MR596
MR597
MR598
MR600
MR623
AUGS259
AUGS260
AUGS261
AUGS262
AUGS263
AUGS264
AUGS245
AUGS265
AUGS244
AUGS242
JQ432
JQ433
JQ434
JQ435
JQ436
JQ437
JQ438
JQ419
MR624
MR625
MR650
MR651
MR652
MR653
MR654
MR655
MR656
MR657
MR658
MR659
MR660
MR661
MR662
MR663
MR664
MR665
MR666
AUGS302
AUGS303
AUGS304
AUGS305
AUGS306
AUGS307
AUGS308
AUGS309
AUGS310
AUGS311
AUGS292
AUGS291
AUGS290
JQ414
MR667
AUGS289
AUGS269
AUVB111
JQ334
JQ335
JQ310
JQ306
JQ304
JQ303
JQ282
JQ283
JQ284
JQ285
JQ286
JQ287
JQ288
JQ289
JQ290
JQ336
JQ291
JQ293
JQ294
JQ295
AUGS141
MR668
MR649
MR648
MR647
MR646
MR626
MR627
MR628
AUGS142
AUGS143
AUGS144
AUGS145
AUGS146
AUGS147
AUGS148
AUGS139
AUGS313
AUGS173
AUGS175
AUGS200
AUGS201
AUGS202
AUGS203
AUGS204
AUGS205
AUGS206
AUGS207
AUGS208
AUGS209
AUGS210
AUBI050
AUBI027
AUBO013
AUBI071
AUBI017
AUBO018
AUBO019
AUBO022
AUBO007
AUBO005
AUBI011
AUBI072
AUBB043
AUBG013
AUBG014
AUBG015
AUBB041
AUBD001
AUBB034
AUBB021
AUBB028
AUBI001
AUBI005
AUBI012
AUCB089
AUCB080
AUCB077
AUCB064
AUCB066
AUCB086
AUCB088
AUBG016
AUBG017
AUCB097
AUCB098
AUBG019
AUCB100
AUBG020
AUCB058
AUBG021
AUBG022
AUBG023
AUCB062
AUCB063
AUCB065
AUCB067
AUBG026
AUBG018
AUCB071
AUCB078
AUCM014
AUCM015
AUCM016
AUCM017
AUCM018
AUCM019
AUCM020
AUCM021
AUCM022
AUCM023
AUCM024
AUCM025
AUCM026
AUCM027
AUCM028
AUCM029
AUCM030
AUCM031
AUCM032
AUCM013
AUCM012
AUCM011
AUCM010
AUBO060
AUBO064
AUBO058
AUCB111
AUCB112
AUCB057
AUCB113
AUCM001
AUCM002
AUCM003
AUCM004
AUCM005
AUCM006
AUCM007
AUCM008
AUCM009
AUCB114
AUBO069
AUCB001
AUBO036
AUBO037
AUBO044
AUCB051
AUCB034
AUCB012
AUCB026
AUCB025
AUBB012
AUCB010
AUCB043
AUCB046
AUCB047
AUCB032
AUCM033
AUAC077
AUAC078
AUAC079
AUAC080
AUAC081
AUAC082
AUAC083
AUAC084
AUAC085
AUAC086
AUAC087
AUAC088
AUAC089
AUAC090
AUAC091
AUAC092
AUAC093
AUAC094
AUAC075
AUAC095
AUAC074
AUAC072
AUAC053
AUAC054
AUAC055
AUAC056
AUAC057
AUAC058
AUAC059
AUAC060
AUAC061
AUAC062
AUAC063
AUAC064
AUAC065
AUAC066
AUAC067
AUAC068
AUAC069
AUAC070
AUAC071
AUAC073
AUAC096
AUAC097
AUAC098
AUAC123
AUAC124
AUAC125
AUAC126
AUAC127
AUAC128
AUAC129
AUAC130
AUAC131
AUAC132
AUAC133
AUAC134
AUAC135
AUAC136
AUAC137
AUAC138
AUAC139
AUAC140
AUAC141
AUAC122
AUAC121
AUAC120
AUAC119
AUAC099
AUAC100
AUAC101
AUAC102
AUAC103
AUAC104
AUAC105
AUAC106
AUAC107
AUAC052
AUAC108
AUAC110
AUAC111
AUAC112
AUAC113
AUAC114
AUAC115
AUAC116
AUAC117
AUAC118
AUAC109
AUAC142
AUAC051
AUAC049
AUAB004
AUAB005
AUAB012
AUAB015
AUAB016
AUAB017
AUAB019
AUAC001
AUAC002
AR102
AB102
AB103
AB104
AD001
AF101
AG101
AG102
AG103
AG104
AG105
AG106
AG107
AG108
AG109
AL101
AL102
AL103
AL104
AR101
AUAC003
AUAC004
AUAC005
AUAC030
AUAC031
AUAC032
AUAC033
AUAC034
AUAC035
AUAC036
AUAC037
AUAC038
AUAC039
AUAC040
AUAC041
AUAC042
AUAC043
AUAC044
AUAC045
AUAC046
AUAC047
AUAC048
AUAC029
AUAC028
AUAC027
AUAC026
AUAC006
AUAC007
AUAC008
AUAC010
AUAC011
AUAC012
AUAC013
AUAC014
AUAC050
AUAC015
AUAC017
AUAC018
AUAC019
AUAC020
AUAC021
AUAC022
AUAC023
AUAC024
AUAC025
AUAC016
AUAC143
AUAC144
AUAC145
AUAC263
AUAC264
AUAC265
AUAC266
AUAC267
AUAC268
AUAC269
AUAC270
AUAC271
AUAC272
AUAC273
AUBA010
AUBA012
MR101
MR102
MR629
AUAC274
AUAC275
AUAC276
AUAC277
AUAC278
AUAC279
AUAC280
AUAC281
AUAC262
AUAC282
AUAC261
AUAC259
AUAC240
AUAC241
AUAC242
AUAC243
AUAC244
AUAC245
AUAC246
AUAC247
AUAC248
AUAC249
AUAC250
AUAC251
AUAC252
AUAC253
AUAC254
AUAC255
AUAC256
AUAC257
AUAC258
AUAC260
AUAC283
AUAC284
AUAC285
AUBA013
AUBA011
AUBA014
AUAC286
AUAC287
AUAC288
AUAC289
AUAL001
AUAL002
AUAL003
AUAL004
AUAL005
AUAC239
AUAL006
AUAL008
AUAL009
AUAL010
AUAL011
AUBB010
AUAL007
AUAC238
AUAC237
AUAC236
AUAC170
AUAC171
AUAC172
AUAC173
AUAC174
AUAC175
AUAC176
AUAC177
AUAC178
AUAC179
AUAC180
AUAC181
AUAC182
AUAC183
AUAC184
AUAC185
AUAC186
AUAC187
AUAC188
AUAC169
AUAC168
AUAC167
AUAC166
AUAC146
AUAC147
AUAC148
AUAC149
AUAC150
AUAC151
AUAC152
AUAC153
AUAC154
AUAC189
AUAC155
AUAC157
AUAC158
AUAC159
AUAC160
AUAC161
AUAC162
AUAC163
AUAC164
AUAC165
AUAC156
AUAC190
AUAC192
AUAC217
AUAC218
AUAC219
AUAC220
AUFB069
LC168
LC169
MR630
AUAC221
AUAC222
AUAC223
AUAC224
AUAC225
AUAC226
AUAC227
AUAC228
AUAC229
AUAC230
AUAC231
AUAC232
AUAC233
AUAC234
AUAC235
AUAC216
AUAC215
AUAC214
AUAC213
AUAC193
AUAC194
AUAC195
AUAC196
AUAC197
AUAC198
AUAC199
AUAC200
AUAC201
AUAC191
AUAC202
AUAC204
AUAC205
AUAC206
AUAC207
AUAC208
AUAC209
AUAC210
AUAC211
AUAC212
AUAC203
AUCM034
AUCM035
AUCM036
AUFP001
AUFP002
AUFP003
AUFP004
AUFP005
AUFP006
AUFP007
AUFP008
AUFP009
AUFP010
AUFP011
AUFB067
AUFB070
AUFB068
AUGA001
AUGA002
AUGA003
AUFA131
AUFA133
AUFA134
AUFA137
AUFA138
AUFA139
AUGB003
AUGB010
AUGB011
AUGB012
AUGB013
AUGB014
AUGA034
AUGA033
AUGA032
AUGA031
AUGA011
AUGA012
AUGA013
AUGA014
AUGA015
AUGA016
AUGA017
AUGA018
AUGA019
AUGA020
AUGA022
AUGA023
AUGA024
AUGA025
AUGA026
AUGA027
AUFA145
AUFA108
AUFA109
AUFA110
AUFA111
AUFA112
AUFA129
AUFA127
AUFA113
AUFA128
AUFA123
AUFA124
AUFA152
AUFB026
AUFB027
AUFB029
AUFB039
AUFB040
AUFB041
AUFB020
AUFB013
AUFB017
AUGB018
AUGC029
AUGC030
AUGC031
AUGC037
AUGC039
AUGB030
AUGB031
AUFA106
AUFA107
AUCN095
AUCN093
AUCN074
AUCN075
AUCN076
AUCN077
AUDF014
AUDF015
AUDF016
AUDF017
AUDF018
AUDF019
AUDF020
AUDF021
AUDF022
AUDF023
AUDF024
AUDF025
AUDF026
AUDF027
AUDF028
AUDF029
AUDF030
AUDF031
AUDF032
AUDF013
AUDF012
AUDF011
AUDF010
AUCS001
AUCS002
AUCS003
AUCS004
AUCS005
AUCS006
AUCS007
AUCS008
AUCN073
AUCS009
AUDF001
AUDF002
AUDF003
AUDF004
AUDF005
AUDF006
AUDF007
AUDF008
AUDF009
AUCS010
AUCN072
AUCN071
AUCN070
AUCN004
AUCN006
AUCN007
AUCN008
AUCN009
AUCN010
AUCN011
AUCN012
AUCN013
AUCN014
AUCN015
AUCN016
AUCN017
AUCN018
AUCN019
AUCN020
AUCM057
AUCM037
AUCM038
AUCM039
AUCM040
AUCM041
AUCM042
AUCM043
AUCM044
AUCM045
AUCM046
AUCM048
AUCM049
AUCM050
AUCM051
AUCM052
AUCM053
AUCM054
AUCM056
AUCM047
AUDF033
AUCN048
AUDF034
AUDF036
AUFA053
AUFA046
AUFA048
AUFA054
AUFA050
AUFA017
AUFA045
AUFA047
AUFA058
AUFA020
AUFA087
AUFA085
AUFA089
AUFA090
AUFA011
AUFA099
AUFA100
AUFA084
AUFA078
AUFA079
AUDF061
AUDF062
AUDF063
AUDF064
AUDF065
AUDF066
AUDF067
AUDF068
AUDF069
AUDF070
AUDF071
AUDF072
AUDF073
AUDF074
AUDF075
AUDF076
AUDF077
AUDF078
AUDF079
AUDF060
AUDF059
AUDF058
AUDF057
AUDF037
AUDF038
AUDF039
AUDF040
AUDF041
AUDF042
AUDF043
AUDF044
AUDF045
AUDF080
AUDF046
AUDF048
AUDF049
AUDF050
AUDF051
AUDF052
AUDF053
AUDF054
AUDF055
AUDF056
AUDF047
AUDF035
AUDF081
AUDF083
AUDV010
AUDV013
AUDV014
AUDV015
AUDV016
AUDV017
AUDV018
AUGS686
AUGS688
AUDV009
AUDV008
AUDV007
AUDV006
AUDF084
AUDF085
AUDF086
AUDF087
AUDF088
AUDF089
AUDF090
AUDF091
AUDF092
AUDF082
AUDF093
AUDF095
AUDF096
AUDF097
AUDF098
AUDV005
AUDF094
AUVB100
AUPV049
AUPV050
AUPV051
AUPV052
AUPV053
AUPV054
AUPV016
AUPV017
AUPV018
AUPV019
CP1034
AUPV020
AUPV021
AUPV022
AUPV023
AUPV025
AUPV026
AUPV055
AUPV056
AUPV057
AUPV082
AUPV083
AUPV084
AUPV085
AUPV086
AUPV087
AURB001
AURB008
AURB009
AURB010
AUPV081
AUPV080
AUPV079
AUPV078
AUPV058
AUPV059
AUPV060
AUPV061
AUPV062
AUPV063
AUPV064
AUPV065
AUPV066
AUPV067
AUPV069
AUPV070
AUPV071
AUPV072
AUPV073
AUPV074
AUPV075
AUPV076
AUPV077
AUPV068
AUPR734
AUPR735
AUPR736
AUPR737
AUPR738
AUPR739
AUPR740
AUPR741
AUPR742
AUPR743
AUPR744
AUPR745
AUPR746
AUPR747
AUPR748
AUPR749
AUPR750
AUPR751
AUPR752
AUPR733
AUPR753
AUPR732
AUPR730
AUPR711
AUPR712
AUPR713
AUPR714
AUPR715
AUPR716
AUPR717
AUPR718
AUPR719
AUPR720
AUPR721
AUPR722
AUPR723
AUPR724
AUPR725
AUPR726
AUPR727
AUPR728
AUPR729
AUPR731
AUPR754
AUPR755
AUPR756
AUPR782
AUPR783
AUPR784
AUPR785
AUPR786
AUPR787
AUPR788
AUPR789
AUPR790
AUPR791
AUPR792
AUPR793
AUPV002
AUPV003
AUPV004
AUPV005
AUPR781
AUPR780
AUPR779
AUPR778
AUPR757
AUPR758
AUPR760
AUPR761
AUPR762
AUPR763
AUPV009
AURB013
AURM127
AURM108
AURM128
AURM107
AURM105
AURM099
AURM100
AURM101
AURM102
AURM103
AURM104
AURM106
AURM129
AURM130
AURM131
AURM156
AURM157
AURM158
AURM159
AURM160
AURM161
AURM162
AURM163
AURM164
AURM165
AURM166
AURM167
AURM168
AURM169
AURM170
AURM171
AURM172
AURM173
AURM174
AURM155
AURM154
AURM153
AURM152
AURM132
AURM133
AURM134
AURM135
AURM136
AURM137
AURM138
AURM139
AURM140
AURM085
AURM141
AURM143
AURM144
AURM145
AURM146
AURM147
AURM148
AURM149
AURM150
AURM151
AURM142
AURM084
AURM083
AURM082
AURM016
AURM017
AURM018
AURM019
AURM020
AURM021
AURM022
AURM023
AURM024
AURM025
AURM026
AURM027
AURM028
AURM029
AURM030
AURM031
AURM032
AURM033
AURM034
AURM015
AURM014
AURM013
AURM012
AURB024
AURB018
AURB019
AURB020
AURB021
AURB023
AURM035
AURM001
AURM003
AURM004
AURM005
AURM006
AURM007
AURM008
AURM009
AURM010
AURM011
AURM002
AUPR710
AURM036
AURM038
AURM063
AURM064
AURM065
AURM066
AURM067
AURM068
AURM069
AURM070
AURM071
AURM072
AURM073
AURM074
AURM075
AURM076
AURM077
AURM078
AURM079
AURM080
AURM081
AURM062
AURM061
AURM060
AURM059
AURM039
AURM040
AURM041
AURM042
AURM043
AURM044
AURM045
AUPR709
AUPR707
AUPR395
AUPR396
AUPR397
AUPR398
AUPR399
AUPR400
AUPR401
AUPR403
AUPR404
AUPR405
AUPR406
AUPR407
AUPR408
AUPR409
AUPR410
AUPR411
AUPR412
AUPR413
AUPR414
AUPR393
AUPR391
AUPR372
AUPR374
AUPR375
AUPR376
AUPR384
AUPR385
AUPR386
AUPR388
AUPR389
AUPR392
AUPR415
AUPR416
AUPR417
AUPR501
AUPR502
AUPR503
AUPR504
AUPR505
AUPR506
AUPR507
AUPR508
AUPR509
AUPR510
AUPR511
AUPR512
AUPR513
AUPR514
AUPR515
AUPR516
AUPR517
AUPR518
AUPR519
AUPR440
AUPR439
AUPR438
AUPR418
AUPR419
AUPR420
AUPR421
AUPR422
AUPR423
AUPR424
AUPR425
AUPR426
BM269
MR631
MR632
MR633
MR634
MR579
MR635
MR637
MR638
MR639
MR640
MR641
MR642
MR643
MR644
MR645
MR636
MR669
MR578
MR522
MR523
MR524
MR525
MR526
MR527
MR528
MR509
AUPR371
AUPR427
AUPR429
AUPR430
AUPR431
AUPR432
AUPR433
AUPR434
AUPR435
AUPR436
LA103
LA104
KP105
LA105
MR529
MR508
MR506
MR487
MR488
MR489
MR490
MR491
MR492
MR493
MR494
MR495
MR496
MR497
MR498
MR499
MR557
KP104
KP102
JQ505
JQ506
JQ507
JQ508
JQ509
JQ510
JQ511
JQ512
JQ513
JQ514
JQ515
JQ516
JQ517
JQ518
JQ519
MR538
MR539
MR540
MR541
MR577
MR542
MR544
MR545
MR546
MR547
MR548
MR549
AUPR437
AUPR428
AUPR520
AUPR370
AUPR368
AUPR302
AUPR303
MR550
MR551
MR552
MR543
MR670
MR671
MR672
MR790
MR791
MR792
MR793
MR788
MR786
MR767
MR768
MR769
MR770
MR771
MR772
MR773
MR774
MR775
MR776
MR777
MR778
MR779
MR780
MR781
MR782
MR812
MR837
MR838
MR839
MR840
MR841
MR842
MR843
MR844
MR845
MR846
MR847
MR848
MR849
MR850
MR854
MR855
MR856
MR857
MR858
MR836
MR835
MR834
MR833
AUPR304
AUPR305
AUPR306
AUPR307
AUPR308
AUPR309
AUPR311
AUPR312
AUPR313
AUPR314
AUPR316
AUPR317
AUPR318
AUPR319
AUPR301
AUPR321
AUPR300
MR813
MR814
MR815
MR816
MR817
MR819
MR820
MR821
MR766
MR822
MR824
MR825
CM216
MR680
MR681
MR716
MR682
MR684
MR685
MR686
MR687
AUAC076
AUPR298
AUPR279
AUPR281
AUPR282
AUPR283
AUPR284
AUPR285
AUPR286
AUPR287
AUPR288
AUPR289
AUPR290
AUPR291
AUPR292
AUPR293
AUPR294
AUPR295
AUPR296
AUPR297
AUPR299
AUPR322
AUPR323
AUPR324
AUPR349
AUPR350
AUPR351
AUPR352
AUPR353
AUPR354
AUPR355
AUPR356
AUPR358
AUPR359
AUPR361
AUPR362
AUPR363
AUPR364
AUPR366
AUPR367
AUPR346
AUPR345
AUPR360
CP047
MR688
MR689
MR690
MR691
MR692
MR683
MR486
MR717
MR719
MR744
MR745
MR746
AUPR325
AUPR326
AUPR327
AUPR328
AUPR329
AUPR330
AUPR331
AUPR332
AUPR333
AUPR369
AUPR334
AUPR336
AUPR337
AUPR338
AUPR339
AUPR340
AUPR341
AUPR344
AUPR335
AUPR521
AUPR522
AUPR523
AUPR641
AUPR642
AUPR643
AUPR644
AUPR645
AUPR646
AUPR647
AUPR648
AUPR649
AUPR650
AUPR651
AUPR652
AUPR653
AUPR654
AUPR655
AUPR656
MR747
AUPR657
AUPR658
AUPR659
AUPR640
AUPR660
AUPR639
AUPR637
AUPR618
AUPR619
AUPR620
AUPR621
AUPR622
AUPR623
AUPR624
AUPR625
AUPR626
AUPR627
AUPR628
AUPR629
AUPR630
AUPR631
AUPR632
AUPR633
AUPR634
AUPR635
AUPR636
AUPR638
AUPR661
AUPR662
AUPR663
AUPR688
AUPR689
AUPR690
AUPR691
AUPR692
AUPR693
AUPR694
AUPR695
AUPR696
AUPR697
AUPR698
AUPR699
AUPR700
AUPR701
AUPR702
AUPR703
AUPR704
AUPR705
AUPR706
AUPR687
AUPR686
AUPR685
AUPR684
AUPR664
AUPR665
AUPR666
AUPR669
AUPR670
AUPR671
AUPR672
AUPR617
AUPR673
AUPR675
AUPR676
AUPR677
AUPR678
AUPR679
AUPR680
MR748
MR749
MR750
MR751
MR752
MR753
MR754
MR755
MR756
MR757
MR758
MR759
MR760
MR761
MR762
MR743
AUPR681
AUPR682
AUPR683
AUPR674
AUPR616
AUPR615
AUPR614
AUPR548
AUPR549
AUPR550
AUPR551
AUPR552
AUPR553
AUPR554
AUPR555
AUPR556
AUPR557
AUPR558
AUPR559
AUPR560
AUPR561
AUPR562
AUPR563
AUPR564
AUPR565
AUPR566
AUPR547
AUPR546
AUPR545
AUPR544
AUPR524
AUPR525
AUPR526
AUPR527
AUPR528
AUPR529
MR742
MR741
MR740
MR720
MR721
MR722
MR723
MR724
MR725
AUPR530
AUPR531
AUPR532
AUPR567
AUPR533
AUPR535
AUPR536
AUPR537
AUPR538
AUPR539
AUPR540
AUPR541
AUPR542
AUPR543
AUPR534
AUPR708
AUPR568
AUPR570
AUPR595
AUPR596
AUPR597
AUPR598
AUPR599
AUPR600
AUPR601
AUPR602
AUPR603
AUPR604
AUPR605
AUPR606
AUPR607
AUPR608
AUPR609
AUPR610
AUPR611
AUPR612
AUPR613
AUPR594
AUPR593
AUPR592
AUPR591
AUPR571
AUPR572
AUPR573
AUPR574
AUPR575
AUPR576
AUPR577
AUPR578
AUPR579
BM070
MR726
MR727
AUPR569
AUPR580
AUPR582
AUPR583
AUPR584
AUPR585
AUPR586
AUPR587
AUPR588
AUPR589
AUPR590
AUPR581
AUPR278
AUSB190
AUSB192
AUSB191
AUSB202
AUSB208
AUSB169
AUSB172
AUSB195
AUSB201
AUSB206
AUSB212
AUSB168
AUSB177
AUSB180
BM128
BM162
BM184
BM185
BM186
BM187
BM188
BM189
BM190
BM192
BM193
BM194
AUSB238
AUSB239
AUSB240
AUSB241
AUSB242
AUSB243
AUSB244
AUSB245
AUSB246
BM195
BM196
BM197
MR728
MR718
MR729
MR731
MR732
AUTB001
AUTB002
AUTB003
AUTB004
AUTB005
AUSB247
AUSB248
AUSB249
AUSB250
AUSB236
AUSB235
AUSB234
AUSB213
AUSB233
AUSB214
MR733
MR735
MR736
MR737
MR738
MR739
MR730
MR859
MR485
MR483
MR230
MR231
MR232
MR233
MR234
MR235
MR236
MR237
MR238
MR239
MR240
MR241
MR242
MR243
MR244
MR245
MR246
MR247
MR248
AUSB216
AUSB217
AUSB218
AUSB219
CD103
CD104
MR229
MR249
MR228
MR226
MR207
MR208
MR209
MR210
MR211
MR212
MR213
MR214
MR215
MR216
MR217
MR218
MR219
MR220
MR221
MR222
MR223
MR224
MR225
MR227
MR250
MR251
MR252
AUSB166
AUSB089
AUSB155
AUSB102
AUSB103
AUSB105
AUSB106
AUSB107
AUSB109
AUSB110
AUSB111
AUSB112
AUSB113
AUSB095
AUSB092
AUSB073
AUSB074
AUSB075
AUSB077
AUSB079
AUSB080
AUSB081
AUSB084
AUSB086
AUSB087
AUSB090
AUSB091
AUSB093
AUSB117
AUSB118
AUSB143
AUSB145
AUSB146
AUSB147
AUSB148
AUSB149
AUSB151
AUSB152
AUSB154
AUSB158
AUSB142
AUSB141
BM417
BM418
BM419
BM420
BM421
BM422
BM423
BM424
BM425
BM426
AUSB119
AUSB122
AUSB123
AUSB124
AUSB125
AUSB126
AUSB131
AUSB140
AUSB139
AUSB120
AUSB137
AUSB138
AUSB129
AUTB007
AUTB008
AUTB009
AUSB121
AUSB127
AUSB164
AUSB128
AUSB132
AUSB133
AUSB130
AUVB044
AUVB048
AUVB041
AUVB033
AUVB010
AUVB011
EN132
EN133
EN115
AUVB012
AUVB023
AUVB025
AUVB055
AUVB094
AUVB021
AUVB078
AUVB063
AUVB065
AUVB085
AUVB088
AUVB091
AUVB092
AUVB093
AUVB095
AUVB096
AUVB097
AUVB098
MR280
MR281
MR284
MR285
AUVB068
AUVB070
AUVB008
AUVB069
AUTB034
AUTB035
AUTB036
AUTB037
AUTB038
AUTB039
AUTB040
AUTB041
AUTB042
AUTB043
AUTB044
AUTB045
AUTB046
AUTB047
AUTB048
AUTB049
AUTB050
AUTB051
AUTB052
AUTB033
AUTB032
AUTB031
AUTB030
AUTB010
AUTB011
AUTB012
AUTB013
AUTB014
AUTB015
AUTB016
AUTB017
AUTB018
AUTB053
AUTB019
AUTB021
AUTB022
AUTB023
AUTB024
AUTB025
AUTB026
AUTB027
AUTB028
AUTB029
AUTB020
AUTB054
AUTB056
AUTB081
AUTB082
AUTB083
AUTB084
AUVB071
AUVB073
AUVB072
AUVB075
AUVB006
MR286
MR287
MR288
MR289
MR290
MR291
MR292
MR293
MR294
MR295
MR276
MR275
MR274
JQ109
MR147
MR148
MR149
MR150
MR151
AUVB001
MR152
MR153
MR154
MR136
MR156
MR135
AUTB085
AUTB086
AUTB087
AUTB088
AUTB089
AUTB090
AUTB091
AUTB092
AUTR001
AUTR002
AUTB080
AUTB079
AUTB078
AUTB077
AUTB057
AUTB058
AUTB059
AUTB060
AUTB061
AUTB063
AUTB064
AUTB065
AUTB055
AUTB066
AUTB068
AUTB069
AUTB070
AUTB071
AUTB072
AUTB073
AUTB074
AUTB075
AUTB076
AUTB067
AURM302
AURM303
AURM304
AUVB002
AUVB003
AUVB005
AUSB071
AUVB004
AUSB069
MR133
MR114
MR115
MR116
MR117
MR118
MR119
MR120
MR121
MR122
MR123
AURM305
AURM306
AURM307
AURM308
AURM309
AURM310
AURM311
AURM312
AURM313
AURM294
AURM314
AURM293
AURM291
AURM272
AURM273
AURM274
AURM275
AURM276
AURM277
AURM278
AURM279
AURM280
AURM281
AURM282
AURM283
AURM284
AURM285
AURM286
AURM287
AURM288
AURM289
AURM290
AURM292
AURM315
AURM316
AURM317
AURM342
AURM343
AURM344
AURM345
AURM346
AURM347
JQ113
MC108
MC109
MR124
MR125
MR126
MR127
MR128
MR129
AURM348
AURM350
AURM351
AURM352
AURM353
AURM354
AURM355
AURM356
AURM357
AURM358
AURM359
AURM360
AURM341
AURM340
AURM339
AURM338
AURM318
AURM319
AURM320
AURM321
AURM322
AURM323
AURM324
AURM325
AURM326
AURM271
AURM327
AURM329
AURM330
AURM331
AURM332
AURM333
AURM334
AURM335
AURM336
AURM337
AURM328
AURM361
AURM270
AURM268
AURM202
AURM203
AURM204
AURM205
AURM206
AURM207
MR130
MR131
MR132
MR134
MR157
MR158
MR159
MR184
AURM208
AURM209
AURM210
AURM211
AURM212
AURM213
AURM214
AURM215
AURM216
AURM217
AURM218
AURM219
AURM220
AURM201
AURM221
AURM200
AURM198
AURM179
AURM180
AURM181
AURM182
AURM183
AURM184
AURM185
AURM186
AURM187
AURM188
AURM189
AURM190
AURM191
AURM192
AURM193
AURM194
AURM195
AURM196
AURM197
AURM199
AURM222
AURM223
AURM224
AURM249
AURM250
AURM251
AURM252
AURM253
AURM254
AURM255
AURM256
CX102
MR185
MR186
AUSB004
AURM257
AURM258
AURM259
AURM260
AURM261
AURM262
AURM263
AURM264
AURM265
AURM266
AURM267
AURM248
AURM247
AURM246
AURM245
AURM225
AURM226
AURM227
AURM228
AURM229
AURM230
AURM231
AURM232
AURM233
AURM269
AURM234
AURM236
AURM237
AURM238
AURM239
AURM240
AURM241
AURM242
AURM243
AURM244
AURM235
AURM362
AURM363
AURM364
AUSB003
AUSB005
AUSB006
MR187
MR188
MR189
AURN015
AURM459
AURM460
AURM461
AURM464
AURM465
AURN001
AURN002
AURN003
AURN004
AURN005
AURN006
AURN007
AURN008
AURN009
AURN010
AURN011
AURN012
AURN013
AURN014
AURN016
AUSB023
AUSB024
AUSB022
AUSB001
AUSB025
AUSB055
AUSB051
AUSB060
AUSB066
AUSB067
AUSB032
AUSB033
AURM458
MR190
AUSB041
AUSB044
AURM457
AURM456
AURM455
AURM389
AURM390
AURM391
AURM392
AURM393
AURM394
AURM395
AURM396
AURM397
AURM398
AURM399
AURM400
AURM401
AURM402
AURM403
AURM404
AURM405
AURM406
AURM407
AURM388
AURM365
AURM366
AURM367
AURM368
AURM369
AURM370
AURM371
AURM372
AURM373
AURM408
AURM374
AURM376
AURM377
AURM378
AURM379
AURM380
AURM381
AURM382
AURM383
AURM384
AURM375
AURM409
AURM411
AURM436
AURM437
AURM438
AURM439
AURM440
AURM441
AURM442
AURM444
AURM445
AURM446
AURM447
AURM448
AURM449
AURM450
AURM451
AURM452
AURM453
AURM454
AURM435
AURM434
AURM433
AURM432
AURM412
AURM413
AURM414
AURM415
AURM416
AURM417
AURM418
AURM419
AURM420
AURM410
AURM421
AURM423
AURM424
AURM425
AURM426
AURM427
AURM428
AURM429
AURM430
AURM431
AURM422
AUPR277
AUPR276
AUPR275
AULM057
AULM058
AULM059
AULM062
AULM063
AULM064
AULM065
AULM066
AULM067
AULM068
AULM069
AULM070
AULM071
AULM072
AULM073
AULM074
AULM075
AULM056
AULM076
AULM055
AULM053
AULM034
AULM035
AULM036
AULM037
AULM038
AULM039
AULM040
AULM041
AULM042
AULM043
AULM046
AULM048
AULM077
AULO030
AULO015
AULO006
AULA143
AULO001
AULO025
AULM081
AULM082
AULM083
AULM084
AULM033
AULO002
AULM032
AULM030
AULC001
AULC002
AULC003
AULC004
AULC005
AULC006
AULA131
AULA132
AULD013
AULM011
AULM012
AULM013
AULM014
AULM015
AULM016
AULM017
AULM018
AULM019
AULM020
AULM021
AULM022
AULM023
AULM024
AULM025
AULM026
AULM027
AULM028
AULM029
AULM010
AULM009
AULM008
AULM007
AULD014
AULD015
AULD018
AULD019
AULD020
AULF001
AULF002
AULM031
AULL001
AULL003
AULL004
AULL005
AULM001
AULM002
AULM003
AULM004
AULM005
AULM006
AULL002
AUMV001
AUMV003
AUPA097
AUPA098
AUPA099
AUPA100
AUPA101
AUPA102
AUPA103
AUPA104
AUPA105
AUPB012
AUPB046
AUPB047
AUPA096
AUPB038
AUPA095
AUPA093
AUPA074
AUPA076
AUPA077
AUPA078
AUPA080
AUPA081
AUPA082
AUPA083
AUPA084
AUPB037
AUPB035
AUPB022
AUPA075
AUPA004
AUPA005
AUPA016
AUPA017
AUPA018
AUPA020
MR191
MR192
MR193
MR194
MR195
MR196
MR197
MR198
MR199
MR200
MR201
MR202
MR183
MR182
MR181
MR180
MR160
MR161
AUPA021
AUPA022
AUPA003
AUPA002
AUPA001
AUOL003
AUMV005
AUMV006
AUMV019
AUMW001
AUOL001
AUOL002
AUMV014
AUPA066
AUPA028
AUMV004
AUMV007
AUMV008
AUMV009
AUPA062
AUMV011
AUMV015
AUMV016
AUMV017
AUMV012
AUMV013
AUMV018
MR162
MR163
MR164
MR165
MR166
MR167
MR168
MR204
MR169
MR171
MR172
MR173
MR174
MR175
MR176
MR177
MR178
MR436
MR415
MR413
MR394
MR414
MR437
MR438
MR439
MR464
MR465
MR466
MR467
MR468
MR469
MR470
MR471
MR472
MR473
MR474
MR475
MR476
MR477
MR478
MR479
MR480
MR481
MR482
MR463
MR462
MR461
MR460
MR440
MR441
MR442
MR444
MR445
MR446
MR447
MR448
MR393
MR449
MR451
MR452
MR453
MR454
MR455
MR456
MR457
MR458
MR459
MR450
MR392
MR391
MR390
MR324
MR322
MR321
MR320
MR300
MR301
MR302
MR303
MR304
MR305
MR306
MR307
MR308
MR343
MR309
MR311
MR312
MR313
MR314
MR315
MR386
MR387
MR388
MR389
AUPA034
AUPA035
AUPA025
AUPA036
AUPA038
AUPA039
AUPA042
AUPA043
AUPA044
AUPA045
AUPA046
AUPA037
AULA118
AUGT035
AUGT036
AUGT037
AUGT038
AUPA040
AUPA041
MR370
MR369
AUTB062
AUGT028
AUGT029
AUGS712
MR368
AUGS714
MR367
AUGT007
AUGS758
AUGS757
AULA052
AULA048
AULA063
AULA065
AULA068
AULA070
AULA036
AUGS756
AUGS755
AUGS735
AUGS736
AUGS737
AUGS738
AUGS739
AUGS740
AUGS741
AUGS742
AUGS743
AUGT009
AUGS744
AUGS746
AUGS747
AUGS748
AUGS749
AUGS750
AUGS751
AUGS752
AUGS753
AUGS754
AUGS745
MR347
MR348
MR349
MR350
MR351
MR352
MR353
MR354
MR355
MR345
MR356
MR358
MR359
MR360
MR361
MR362
MR363
MR364
MR365
MR366
MR357
MR860
MR861
MR862
PA162
AUVB106
AUVB107
AUVB108
AUVB112
AUVB114
AUVB102
PC108
PC109
PC110
PC111
PC112
PA161
PC113
PA160
PA158
PA139
PA140
PA141
PA142
PA143
PA144
PA145
PA146
PA147
PA148
PA149
PA150
PC114
PC115
AULA038
AULA041
AULA047
AULA114
AULA116
AULA049
AULA089
AULA090
AULA091
AULA093
AULA026
AUGZ020
AUGZ021
AULA108
AULA109
AULA098
AULA096
AULA086
AULA087
AULA088
AULA094
PC116
PD113
PD114
PD115
PD116
PF101
PI001
AUGZ022
AUGZ023
AUGZ024
AUGZ025
AUGZ026
AUGZ027
AUGZ028
AUGZ029
AUGZ030
AUGZ031
AULA006
AULA007
AULA008
AULA010
AULA012
AULA009
AULA011
PN305
PN273
PN272
PN270
PN242
PN243
PN250
PN252
PN253
PN254
PN256
PN258
PN260
PN262
PN264
PN265
PN266
PN310
PN311
PN312
PN346
PN349
PN350
PN351
PN352
PN353
AULA015
AULA016
AULA017
AULA018
AULA019
AULA020
AUGZ043
AULA021
AULA005
AULA004
AULA003
AULA002
AULA022
AULA023
AULA024
PN356
PN357
PI002
PI500
PI501
PI502
PI503
PI504
PL101
PL102
PM101
PM102
PM103
PM104
PM105
PD112
PD111
PD110
PD109
PC117
PC118
PC119
PC120
PC121
PC122
PC123
PC124
PC125
PA138
PC126
PC128
NB101
OC101
AULM080
OC102
OC103
OC104
OC105
OC106
OC107
OC108
OC109
OC110
OC111
AUGZ044
AUGZ045
AUGZ046
AUGZ047
AUGZ048
AUGZ049
AUGZ050
AUGZ051
AUPR022
AUPR023
AUPR024
AUPR025
AUPR026
AUPR027
AUPR028
AUPR029
AUPR030
AUPR031
AUPR033
AUPR034
AUPR035
AUPR036
AUPR037
AUPR038
AUPR039
AUPR040
AUPR021
AUPR041
AUPR020
AUPR018
AULA001
AUPB059
AUPB061
AUPO111
AUGZ041
AUGZ052
AUGZ054
PN358
PN359
PN362
PN363
PN364
PN345
PN344
PN341
PN340
PN313
PN314
PN315
PN322
PN323
PN324
PN325
PN239
OC112
OC113
OC114
OC115
OC116
OC117
OC118
MV102
OC119
MV101
MTGZ020
MTGZ021
MTGZ022
AUPR001
AUPR002
AUPR003
AUPR004
AUPR005
AUPO112
PN326
PN329
PN330
PN331
PN332
PN337
PN338
PN339
PN327
PN366
PN238
PN236
OC120
AUPR006
AUPR007
AUPR008
AUPR009
AUPR010
AUPR011
AUPR012
AUPR013
AUPR014
AUPR015
AUPR016
AUPR017
AUPR019
AUPR042
AUPR043
AUPR044
AUPR069
AUPR070
AUPR071
AUPR072
AUPR073
AUPR074
AUPR075
AUPR076
AUPR077
AUPR078
AUPR079
AUPR080
AUPR081
AUPR082
AUPR083
AUPR084
AUPR085
AUPR086
AUPR068
AUPR067
AUPR066
AUPR065
AUPR045
PM693
PM694
PM695
PN022
PN024
PN044
PN063
AUPR046
AUPR047
AUPR048
AUPR049
AUPR051
AUPR052
AUPR053
AUPR054
AUPR056
AUPR057
AUPR058
AUPR059
AUPR060
AUPR061
AUPR062
AUPR063
AUPR064
AUPR055
AUPR088
AUPO110
AUPO109
AUPO107
AUPO041
AUPO042
AUPO043
AUPO019
EM147
EM148
EM149
EM150
EM151
EM152
EM153
EM154
EM155
EM157
EM180
EM181
EM182
EM207
EM208
EM209
EM210
EM211
EM212
EM213
EM214
EM215
EM216
AUPO023
AUPO025
AUPO026
AUPO027
AUPO028
AUPO029
AUPO030
AUPO031
AUPO032
AUPO024
AUPO033
AUPO034
AUPO035
AUPO036
AUPO038
AUPO061
PN065
PN068
PN099
PN101
PN102
PN103
PM692
PN105
AUPO062
AUPO063
AUPO088
AUPO089
AUPO090
AUPO091
AUPO092
AUPO095
AUPO099
AUPO100
AUPO078
AUPR089
PM691
AUPR090
AUPR091
AUPR209
AUPR211
AUPR212
AUPR213
AUPR214
AUPR215
AUPR217
AUPR218
AUPR219
AUPR220
AUPR221
AUPR222
AUPR223
AUPR224
AUPR225
AUPR226
AUPR227
AUPR208
AUPR228
AUPR207
AUPR186
AUPR187
AUPR188
AUPR189
AUPR190
AUPR191
AUPR193
AUPR194
AUPR195
AUPR196
AUPR197
AUPR198
AUPR199
AUPR200
AUPR201
AUPR202
AUPR203
AUPR204
AUPR206
AUPR229
AUPR230
AUPR231
AUPR256
AUPR257
AUPR258
AUPR259
AUPR260
AUPR261
AUPR263
AUPR264
AUPR265
AUPR266
AUPR267
AUPR269
AUPR270
AUPR271
AUPR268
MR818
OC121
OC122
PA116
PA117
PA118
PA119
PA120
PA121
PA122
PA123
PA124
PA125
PA126
PA127
PA128
PA129
PA130
OC130
OC131
PA136
PA101
PA103
PA104
PA105
PA106
PA107
PA108
PA109
PM205
PM206
PM689
PM670
PM671
PM672
PM673
PM674
PM207
PM208
PM282
PM283
PM284
PM285
PM286
PM287
PM288
PM289
PM290
PM291
PM292
PM273
PM272
PM260
PM202
PM201
PM200
PM134
PM147
PM148
PM149
PM150
PM112
PM122
PM123
PM124
PM125
PM126
PM127
PM128
PM129
AUPR272
AUPR273
AUPR274
AUPR254
AUPR253
AUPR252
AUPR232
AUPR234
AUPR235
AUPR236
AUPR237
AUPR238
AUPR239
AUPR240
AUPR185
AUPR241
AUPR243
AUPR244
AUPR245
AUPR246
AUPR249
AUPR250
AUPR251
AUPR242
AUPR184
AUPR183
AUPR182
AUPR116
AUPR117
AUPR118
AUPR119
AUPR120
AUPR121
AUPR131
AUPR132
AUPR133
AUPR248
AUPO017
PM675
PM120
PM154
PM156
PM181
PM182
PM183
PM184
AUPR134
AUPR115
AUPR114
AUPR113
AUPR112
AUPR092
AUPR093
AUPR094
AUPR095
AUPR096
AUPR097
AUPR098
AUPR099
AUPR100
AUPR135
AUPR101
AUPR103
AUPR104
AUPR105
AUPR106
AUPR107
AUPR108
AUPR109
AUPR110
AUPR111
AUPR102
AUPR136
AUPR163
AUPR164
AUPR165
AUPR166
AUPR167
AUPR168
AUPR169
AUPR170
AUPR171
AUPR172
AUPR173
AUPR174
AUPR175
AUPR176
AUPR177
AUPR178
AUPR179
AUPR180
PM676
PM677
PM185
PM186
PM187
PM188
PM189
PM190
AUPR181
AUPR162
AUPR161
AUPR159
AUPR139
AUPR140
AUPR141
AUPR142
AUPR143
AUPR144
AUPR145
AUPR146
AUPR147
AUPR137
AUPR148
AUPR151
AUPR152
AUPR153
AUPR154
AUPR155
AUPR156
AUPR157
AUPR158
AUPR149
AUPC093
AUPO016
AUPO015
AUPC098
AUPC086
AUPC101
AUPC102
AUPC103
AUPC087
AUPC085
AUPO014
AUPC088
AUPC089
AUPC090
AUPC091
AUPC092
AUPC095
AUPC099
PM678
PM679
PM680
PM681
PM682
PM191
PM192
PM193
PM194
PM195
PM196
PM197
PM198
PM168
PM169
MT023
MT024
MT025
MT026
MT027
MT028
MT029
MT030
MT031
MT032
MT034
MT035
MT036
MT500
MT501
MT502
MT504
MT527
MT528
MT529
MT554
MT555
MT556
MT557
MT558
MT559
MT560
MTGB025
MTGB026
MTGB027
MTGB028
MTGB029
MTGB030
MTGB031
AUPC105
PM683
PM684
PM685
AUPC082
AUPC084
AUPC063
AUPC068
AUPC064
AUPC070
AUPC071
AUPC072
AUPC073
AUPC074
AUPC076
AUPC077
AUPC078
AUPC111
AUPD010
AUPD011
AUPD023
AUPD024
AUPD025
AUPD006
AUPD005
AUPD004
AUPD003
AUPC066
AUPC075
AUPC112
AUPC083
AUPC106
AUPC116
AUPC115
AUPC117
AUPC124
AUPC118
AUPD001
AUPD002
AUPC120
AUPC060
AUPC121
AUPC122
AUPC125
AUPC061
AUPC059
AUPB091
PM686
PM687
PM688
PM690
PN152
PN158
PN160
AUPC004
AUPC008
AUPC009
AUPC011
AUPB094
AUPB095
AUPB096
AUPC001
AUPB066
AUPC002
AUPC003
AUPC010
AUPB085
AUPC012
AUPB084
AUPC005
AUPB083
AUPB081
AUPC006
AUPB079
AUPC007
AUPD026
AUPC013
AUPC015
AUPC040
AUPC041
AUPC043
AUPC045
AUPC046
AUPC042
AUPC044
AUPC047
AUPC051
AUPC048
AUPC050
MTGB032
AUPC054
AUPC056
AUPC058
AUPC039
AUPC036
AUPC016
AUPC053
AUPC037
AUPC021
AUPC022
AUPC023
AUPC057
AUPC014
AUPC025
AUPC038
AUPC032
AUPC017
AUPC018
AUPC035
AUPC026
AUPD027
AUPD029
AUPL036
AUPL037
AUPL038
AUPL039
AUPL040
AUPL041
AUPL042
AUPL043
AUPL044
AUPL045
AUPM001
AUPM002
AUPM003
AUPM004
AUPM005
AUPM006
AUPM007
AUPM008
AUPM009
AUPL035
AUPM010
AUPL034
AUPC027
AUPC031
AUPL015
AUPL016
AUPL017
AUPL018
AUPL019
AUPL020
AUPL021
AUPL022
AUPL023
AUPL024
AUGS687
MTGB033
MTGB034
MTGB035
MTGB036
MT553
MT552
MT551
MT550
MT530
MT531
MT532
MT533
MT534
MT535
MT536
MT537
MT538
MT017
MT539
MT541
MT542
MT543
MT544
MT545
AUPM011
AUPM012
AUPM013
AUPM038
AUPM039
AUPM040
AUPM041
AUPM042
AUPM043
AUPL025
AUPL026
AUPL027
AUPL028
AUPL029
AUPL030
AUPL031
AUPL033
AUPO001
AUPO002
MT546
MT547
MT548
MT549
MT540
MT016
MT015
MT014
MR887
MR888
MR889
MR890
MR891
MR892
MR893
MR894
MR895
MR896
MR897
MR898
MR899
MR900
MR901
MR903
MR904
MR905
MR886
MR885
MR884
MR883
MR863
MR864
MR873
MTGB037
MR907
MR909
MR934
MR935
MR936
MR937
MR938
MR939
MT001
MT002
MT003
MT004
MT005
AUPM037
AUPM036
AUPM035
AUPM034
AUPM014
AUPM015
AUPM016
AUPM017
AUPM018
AUPM019
AUPM020
AUPM021
AUPM022
AUPM023
AUPM025
AUPM026
AUPM027
AUPM028
AUPM029
AUPM030
AUPM031
AUPM032
AUPM033
AUPO003
AUPO004
AUPO005
AUPO006
AUPO007
AUPO010
AUPO011
AUPO013
AUPL012
AUPO008
AUPO009
AUPO012
MT006
MT007
MT008
MT009
MT010
MT011
MT012
MT013
MR933
MR932
MR931
MR930
MR910
MR911
MR912
MR913
MR914
MR915
MR916
MR917
MR918
MR908
MR919
AUPM024
AUPD054
AUPD055
AUPD056
AUPD057
AUPD058
AUPD059
AUPD060
AUPD061
AUPD062
AUPD063
AUPD064
AUPD065
AUPD066
AUPD067
AUPD068
AUPD069
AUPD070
AUPD071
AUPD072
AUPD053
AUPD052
AUPL011
AUPL010
AUPL009
MR921
MR922
AUPD051
AUPD050
AUPD030
AUPD031
AUPD032
AUPD033
AUPD036
AUPD037
AUPD043
AUPI001
AUPI002
AUPI003
AUPI004
AUPI005
AUPI006
AUPI007
AUPI008
AUPI009
AUPI010
AUPI011
AUPI012
AUPL002
AUPL004
AUPL007
BK027
AUPF002
AUPF001
AUPD082
AUPD086
AUPD088
AUPD089
AUPD090
AUPD091
AUPD092
AUPD093
AUPD094
AUPD095
AUPD096
AUPD087
mt020
BK034
BK033
BK031
BK029
BK028
BK035
BK024
BK023
BK022
BK021
BK020
BK019
BK026
BK036
BK032
AUPL003
BK025
MR923
MTGB038
BK030
BK037
BK038
BK055
BK054
BK053
BK052
BK051
BK050
BK049
BK048
BK047
BK046
BK045
BK044
BK043
BK042
BK041
BK040
BK039
BK018
BK017
BK016
BK015
MM004
MM003
MM002
MM001
MA001
LU300
JO001
CP1035
AUVB116
AUPC129
AUPC128
MTGB040
MTGE101
MTGE102
MTGE103
MTGE104
MTGE105
MTGE106
MTGI001
MTGE037
PN205
PN206
PN208
PN209
PN210
AUGS387
PN211
PN212
PN215
PN218
PN220
PN221
PN222
PN223
PN227
PN228
PN229
PN233
PN204
PN203
PN202
PN200
PN161
PN162
PN163
PN179
PN180
PN181
PN237
AUPR032
PN182
PN186
PN187
PN188
PN189
PN190
PN191
PN184
PN367
PN368
PN370
PR113
PR114
PR115
PR116
PR117
PR118
PR119
PR120
RC101
FL175
FL176
FL177
FL178
FL179
FL180
FL181
FL162
FL161
FL160
ET110
AUBI029
PN275
PN365
PN232
PN235
PN169
PN170
PN173
PN192
PN386
PR101
PN387
PN388
PN391
AUAC009
PM328
PM331
PM332
PM333
PM334
PM335
PM336
PM337
PM338
PM319
PM339
PM318
PM316
PM297
PM298
PM299
PM300
PM301
PM302
PM303
PM376
AUFB052
TM149
AUCM055
RC299
RG109
RG110
RG111
RG112
RG113
RO101
RO102
RO103
RO104
RO105
RO106
RF106
RO107
RF105
RF103
RT032
RC345
RC311
RC313
RC314
RC315
RC316
RC317
RC318
RC319
RC320
RC321
RC312
RT505
RC346
RC348
RD102
RD103
RD104
RC347
RC358
RC360
RC361
RC362
RC363
RC364
RC365
RC366
RC367
RC368
RC359
PM295
PM294
PM293
MR603
MR604
MR605
MR606
MR607
MR608
MR609
MR610
MR611
MR612
MR613
MR583
MR584
MR576
MR510
MR511
MR512
MR513
MR514
MR515
MR516
MR517
MR518
MR519
MR520
MR521
MR559
MR560
MR561
MR562
MR563
MR564
MR565
MR566
MR567
MR568
MR569
MR570
MR571
MR572
MR573
MR574
MR575
MR794
MR795
MR796
MR797
MR798
MR799
MR800
MR801
MR802
MR803
MR804
MR805
MR806
MR807
MR808
MR789
MR809
MR673
MR674
MR734
MR282
MR283
AUSB230
AUSB231
AUVB103
AUSB232
AUSB223
AUSB165
AUSB163
RC102
AUSB096
AUSB097
AUVB110
AUVB115
AUSB229
AUTB006
AUSB098
AUSB099
AUSB100
AUSB101
RC103
RC104
RC105
RC106
RC107
RC108
RC109
RC110
MR179
MR170
MR297
MR298
MR299
MR417
MR418
MR419
MR420
MR421
MR422
MR423
MR424
MR425
MR426
MR427
MR428
MR429
MR430
MR431
MR432
MR433
MR434
MR435
MR416
AUDV001
RC111
PR112
PR111
PR110
PR109
PR102
PR103
PR104
PR105
PR106
PR107
PR108
PN465
PN464
PN463
AUSB157
PN397
PN398
PN399
PN400
PN401
PN402
AUSB034
PN403
PN404
PN405
PN406
PN407
PN408
PN409
PN410
PN411
PN412
PN413
PN414
PN415
PN396
PN395
MTGE050
AUSB211
MTGI002
AUGS622
AUGS177
AUGC032
AUGC033
AUGC034
AUGC035
AUGC036
AUSB251
AUSB252
PN524
AUTTEMP01
AUVN014
AUVN015
AUVN010
AUGC038
PN394
PN393
PN371
PN372
PN373
PN374
PN375
PN376
PN377
PN378
AUGC045
AUGC027
MTGZ023
MTGV021
MTGV022
MTGV023
MTGI003
MTGI004
MTGI006
MTGI007
MTGI008
MTGI009
MTGI010
MTGI011
MTGI012
MTGI013
MTGE100
MTGI014
MTGE099
MTGE097
MTGE078
MTGE079
MTGE080
MTGE081
MTGE082
MTGE083
MTGE084
PN379
PN416
PN380
PN382
PN383
PN384
PN385
PN392
MTGE092
MTGE093
MTGE094
MTGV011
MTGV015
MTGS005
MTGS004
MTGI018
MTGR001
MTGR002
MTGR003
PD101
PD102
PD103
PD104
PD105
PD106
PD107
PD108
PC127
PM106
PA137
PA135
AUPV013
PN381
PM669
PN417
MTGV024
MTGV025
MTGR012
MTGR013
MTGE075
MTGE074
MTGE008
MTGE009
AUGL003
AUGL004
AUGL005
AUGI127
AUGI133
AUGI096
AUGI166
AUGI170
AUGI178
AUGI150
AUGI152
AUGI155
AUGS433
AUGS409
AUGS424
AUPV012
AUGS701
AUPV014
AUPV015
PN419
MTGE076
PN444
PN445
PN446
PN447
PN448
PN449
PN451
PN452
PN453
PN454
PN455
PN456
PN457
PN458
PN459
PN460
PN461
PN462
PN443
PN442
PN441
PN440
PN420
PN421
PN422
PN423
PA110
PA111
PA102
PM107
PM108
PM109
PM227
PM228
PM229
PM230
PM231
PM232
PM233
PM234
PM235
PM236
PM237
PM238
PM239
PM240
PM241
PM242
PM243
PM244
PM245
PM226
PM246
PM225
PM223
PM204
PM209
PM210
PM211
PM212
PM213
PM214
PM215
PM216
PM217
PM218
PM219
PM220
PM221
PM222
PM224
PM247
PM248
PM249
PM274
PM275
PM276
PM277
PM278
PM279
PM280
PM281
PM271
PM270
PM250
PM251
PM252
PM253
PM254
PM255
PM256
PM257
PM258
PM203
PM259
PM261
PM262
PM263
PM264
PM265
PM266
PM267
PM268
PM269
PM151
PM152
PM133
PM132
PM131
PM130
PM110
PM111
PM113
PM114
PM115
PM116
PM117
PM118
PM153
PM119
PM121
MTGV020
PM199
PM180
PM179
PM178
PM177
PM157
PM158
PM159
PM160
PM161
PM162
PM163
PM164
PM165
PM155
PM166
MR902
MR924
MR925
MR926
MR927
MR928
MR929
MR920
MR112
AUGL052
AUGI081
AUGL026
AUGL006
AUGL007
AUGL009
AUGL016
AUGL021
AUGS212
AUBI073
AUBG001
AUBG002
AUBG003
AUBG004
AUBG005
AUBG006
AUBG007
AUBG032
AUBG033
AUBG034
AUBG035
AUBG036
AUBG037
AUBG038
AUBG039
AUBG040
AUBG031
AUBG030
AUBG029
AUBG028
AUBG008
AUBG009
AUBG010
AUBG011
AUBG012
AUBG024
AUBG025
AUBG027
PN424
PN425
PN426
PN427
PN428
PN418
PN429
PN431
PN432
PN433
PN434
PN435
PN436
PN437
PN438
PN439
PN430
RC112
PM668
PM666
PM413
PM414
PM415
PM416
PM417
PM418
PM419
PM420
PM421
PM422
PM423
MTGB055
MTGE058
AUVB113
PN489
MTGB056
MTGB057
MTGE001
MTGE002
MTGE060
PM424
PM425
PM426
PM427
PM428
PM429
PM430
PM431
PM412
PM432
PM411
PM409
PM390
PM391
AUPV027
AUPV028
AUPV030
AUPV032
AUPV088
AUPV089
AUPR769
AUGA009
AUGA010
AUGA035
AUGA036
AUGA037
AUGA038
AUGA039
AUGB004
AUGB005
AUGB006
AUGB007
AUGB008
AUGB009
AUGB016
AUGB017
AUGC087
AUGB023
AUGB024
AUCN097
AUCN005
AUCN078
AUCN079
AUCN080
AUCN081
AUCN082
AUCN083
AUCN084
AUCN085
AUCN086
AUCN087
AUCN088
AUCN089
AUCN090
AUCN091
AUCN092
AUCN094
AUCN117
AUCN118
AUCN119
AUCN120
TS0200CF
MTGV027
AUPO052
MTGE067
AUPA052
AUPA053
AUPA054
AUPA055
AUPA056
AUPA057
AUPA058
AUPA059
AUPA060
AUPA064
AUPA065
AUPA068
AUPA050
AUPA061
AUPA063
AUPA069
AUGR297
AUGR298
AUGR299
AUGR282
AURM046
AURM047
AURM037
AURM048
AURM050
AUPA049
AUPA048
AUPA047
AUPA027
AUPA029
AUPA030
AUPA031
AUPA032
AUPA033
AUGR337
AUGR331
AUGR330
AUGR329
AUGR328
AUGR308
AUGR309
AUGR310
AUGI017
AUGI083
AUGI049
AUGE091
AUGE040
AUGE021
AUGE041
AUGE020
AUGE018
AURM051
AURM052
AURM053
AURM054
AURM055
AURM056
AURM057
AURM058
AURM049
AURM175
AUCN047
AUCN027
AUCN028
AUCN029
AUCN030
AUCN031
AUCN032
AUCN034
AUCN035
AUCN025
AUCN036
AUCN038
AUCN039
AUCN040
AUCN041
AUCN042
AUCN043
AUCN044
AUCN045
AUCN046
AUCN037
AUDV011
AUDV012
AUPV044
AUPV045
AUPV046
AUPV047
AUPV048
AUPV034
AUPV033
AUPV031
AUPV011
AUPV008
AUPV001
AUGC100
AUGE004
AUGE006
AUGE007
AUGE008
AUGE009
AUGE010
AUGE011
AUGE012
AUGE013
AUGE014
AUGE015
AUGE016
AUGE017
AUGE042
AUGE043
AUGE044
AUGE069
AUGE070
AUGE071
AUPR402
AUPR394
AUPR387
AUPV006
AUPV007
AUPR764
AUPR765
AUPR766
AUPR767
AUPR770
AUPR771
AUPR772
AUPR773
AUPR774
AUPR775
AUPR776
AUPR777
AUPR768
AURM109
AURM110
AURM111
AURM112
AURM113
AURM114
AURM115
AURM116
AURM117
AURM118
AURM119
AURM120
AURM121
AURM122
AURM123
AURM124
AURM125
AURM126
MTGV026
AUGE076
AUGE077
AUGE078
AUGE079
AUGE080
AUPR373
AUVB105
AURM086
AURM087
AURM088
AURM089
AURM090
AURM091
AURM092
AURM093
PN495
PN496
AURM094
AUPR122
AUPR123
AUPR124
AUPR125
AUPR126
AUPR127
AUPR128
AUPR129
AUPR130
AUCB073
AUCB072
AUCB076
AUCB103
AUCB105
AUCB107
AUCB054
AUCB005
AUBA017
AUBA020
AUFA003
AUPC127
BK057
AUFA004
AUFA006
AUDV021
AUDV020
AUDV019
AUDF099
MM005
BK056
MM006
MM008
BK014
BK013
BK012
BK011
BK010
BK009
BK008
BK007
BK006
BK005
BK004
BK003
BK002
BK001
OC001
MM011
MM009
MM007
AUPR667
AUPR668
AUVB040
AUVB050
AUVB090
AUSB047
AUSB028
AUSB039
AUPB003
AUPB032
AUMV010
AUMV020
AURM443
AULA101
AULA107
AULD001
AULD002
AULD003
AULD004
AULD005
AULD006
AULD007
AULD008
AULD009
AULD010
AULA122
AULA123
AULA133
AULA134
AULA135
AULA136
AULD011
AULA137
AULA138
AUPC107
AUPC108
AULA139
AULD012
AULD016
AULD017
AUPA079
AUPB044
AUPA019
AULA121
AULA120
AULA117
AUPC055
AULA119
AUPR138
AUPD012
AUDV022
AUGI188
AUGI189
AUGI190
AUGI191
AUGI204
AUGI205
AUGI206
AUGI208
AUGI122
AUGI123
AUGI124
AUGI125
AUGI126
AUGI128
AUGI129
AUGI130
AUGI131
AUGI132
AUGI134
AUGI135
AUGI136
AUPR377
AUPR378
AUPR379
AUPR380
AUPR381
AUPR382
AUPR383
MTGV028
AUPB058
MTGV029
MTGV030
MTGV031
MTGV032
MTGV033
MTGV034
MTGV035
MTGZ019
MTGZ024
AUGI098
AUGI099
AUGI100
AUGI101
AUGI102
AUGI137
AUGI103
AUGI105
AUGI106
AUGI107
AUGI108
AUGI109
AUGI110
AUGR195
AUGR196
AUGR197
AUGR198
AUGR199
AUPD034
AUPD035
AUPD038
AUPD073
AUPD039
AUPD041
AUPD042
AUGI035
AUGI036
AUGI037
AUGI038
AUGI039
AUGI040
AUGI041
AUGI042
AUGI023
AUGS493
AUPD044
AUPD045
AUPD046
AUPD047
AUPD048
AUPD049
AUPD040
AUPD028
AUPD074
AUPD076
AUPD098
AUPD097
AUPD077
AUPD078
AUPD079
AUPD080
AUPD081
AUPD083
AUPD084
AUPD085
AUPD075
AUGS405
AUPC028
AUGS339
AUGS341
AUGS342
AUGS343
AUGS638
AUGS617
AUGS615
AUGR079
AUFA102
AUGR080
AUGR081
AUGR082
AUGR083
AUGR084
AUGR085
AUGR086
AUGR087
AUGR088
AUGR089
AUGS114
AUGS116
AUGS117
AUGS118
AUGS119
AUGS120
AUGS121
AUGS122
AUGS123
AUGS124
AUGS105
AUGS104
AUGS103
AUGR090
AUPB060
AUGR091
AUGR092
AUGR093
AUGR118
AUGR119
AUGR120
AUGR145
AUGR146
AUGR147
AUGR148
AUGR149
AUGS093
AUGS094
AUGS095
AUGR150
AUGR151
AUGR152
AUGR153
AUGR154
AUGR155
AUGR156
AUGR157
AUGI193
AUGI194
AUGI195
AUGI196
AUGI197
AUGI198
AUGI199
AUGI200
AUGR095
AUGR158
AUGR159
AUGR160
AUGR161
AUGR162
AUGR006
AUGR011
AUGR001
AUGL046
AUGL047
AUGL028
AUGI187
AUGL022
AUGI117
AUGR163
AUGR144
AUGR143
AUGR142
AUGR141
AUGL053
AUGL054
AUGL055
AUGL056
AUGL057
AUGL059
AUGL060
AUGR121
AUGR122
AUGR123
AUGR044
AUGR045
AUGR046
AUGR047
AUGR038
AUGR165
AUGR166
AUGR300
AUGR301
aurm463
AUGR318
AUGR260
AUGR259
AUGR258
AUGR192
AUGR193
AUGR194
AUGR178
AUGR212
AUGS353
AUGS354
AUGL011
AUGR128
AUGR134
AUGR135
AULM044
AULM045
AULM047
AULM049
AULM050
AULM051
AULM052
AULM054
AULM078
AULM079
AUGS733
JQ025
JQ026
JQ027
JQ029
JQ061
JQ062
JQ064
JQ150
JQ151
JQ155
JQ209
JQ210
JQ211
JQ212
JJ118
JJ119
JJ120
JJ121
JJ122
JQ406
JQ407
JQ408
JQ409
JQ412
JQ413
JQ325
JQ326
JQ327
FO172
FO173
FO174
GA113
FO193
FO194
FO195
FO196
FL196
FL197
FL198
FL199
FL200
FL201
IG194
IG195
IG196
IG197
IG198
IG199
IG200
IG201
IG202
IG203
IG179
IG241
IG242
IG243
IG244
IG245
IN101
IN102
IN103
IG221
IG222
IG223
IG167
IG224
IG226
IG227
IG228
IG229
IG230
IG231
IG232
IG233
IG153
IG154
IG155
IG156
IG157
IG158
IG159
IG160
LU218
LU219
LU220
LU221
LU222
LU223
LU199
LU224
LU198
LU196
LU174
LU238
LU239
LU240
LU241
LU242
LU173
LU243
LU246
LU247
LU248
LU249
LU250
LU251
LU253
LU244
MA105
LU172
AUGR167
AUGR285
AUGR286
AUGR287
AUGR288
AUGR289
AUGR290
AUPA023
AUPA024
AUPA026
AUPA051
AUPA067
AUPB080
LU052
LU056
LU057
LU059
LU061
LU062
LU063
LU064
LU065
LU066
LU067
LU068
LU069
LU074
LU076
LU121
LU122
LU123
LU151
LU152
JJ135
JJ160
JJ161
JJ162
JJ163
JJ180
JJ145
RD125
MR867
MR868
MR869
MR870
MR871
MR906
MR872
MR874
MR875
MR876
MR877
MR878
MR879
AUCN098
AUCN099
AUCN100
AUCN101
AUCN102
AUCN103
AUCN104
AUCN105
AUCN106
AUCN107
AUCN108
AUCN109
AUCN110
AUCN111
AUCN112
AUCN113
AUCN114
AUCN115
AUCN096
AUCN116
AUCN021
AUCN022
AUCN003
AUCN002
AUCN001
AUCN023
AUCN061
AUCN062
AUCN033
AUGS685
AUDV002
AUDV003
AUDV004
AUPV035
AUPV036
AUPV037
AUPV038
AUPV039
AUPV040
AUPV041
AUPV042
AUPV043
AUPV024
AUPV029
AUPV010
AURM095
AURM096
AURM097
AURM098
AUPR390
AUPR500
AUPR310
AUPR315
AUPR280
AUPR357
AUPR365
AUPR348
AUPR347
AUPR320
AUPR342
AUPR343
AURM176
AURM178
AURM177
AURM295
AURM296
AURM297
AURM298
AURM299
AURM300
AURM301
AURM349
AURM387
AURM386
AURM385
AULM060
AULM061
AUPA085
AUPA086
AUPA087
AUPA088
AUPA089
AUPA090
AUPA091
AUPA092
AUPA094
AUPA073
AUPA072
AUPA071
AUPA070
AUPA006
AUPA007
AUPA008
AUPA009
AUPA010
AUPA011
AUPA012
AUPA013
AUPA014
AUPA015
FL132
FL133
FL134
FL115
FL135
FL114
FL112
FA124
FE101
FE102
FE103
FE104
FE105
FE106
FE107
FL101
FL102
FL103
FL104
FL105
FL106
FL107
FL108
AUPR087
AUPR050
AUPR210
AUPR216
AUPR205
AUPR192
FL109
AUPR262
AUPR255
AUPR233
AUPR247
FL110
FL111
FL113
AUPR160
FL136
FL137
FL138
FL163
FL164
FL165
FL166
FL167
AUPR150
AUPD007
AUPD008
AUPD009
AUPD013
AUPD014
AUPD015
AUPD016
AUPD017
AUPD018
AUPD019
AUPD020
AUPD021
AUPD022
MR155
PA131
PA132
PA133
PA134
PA115
PA114
PA113
PA112
OC123
OC124
OC125
OC126
OC127
OC128
OC129
AUGA004
AUGA005
AUGA006
AUGA007
AUGA008
AUGB001
AUGB002
AUCN024
AUCN026
AUCN051
AUCN052
AUCN053
AUCN054
AUCN055
AUCN056
AUCN057
AUCN058
AUCN059
AUCN060
AUCN063
AUCN064
AUCN065
AUCN066
AUCN067
AUCN068
AUCN069
AUCN050
AUCN049
AURB007
PN492
PN494