sku,codigo_fornecedor,atri_codigo_fabricante,active,fornecedor
AUAB001,BOF00099M187,F00099M187,sim,Eletropar
AUAB002,BOF00099M524,F00099M524,sim,Eletropar
AUAB003,BOF00099M600,F00099M600,sim,Eletropar
AUAB006,BOF00099M801,F00099M801,sim,Eletropar
AUAB007,BOF00099M500,F00099M500,sim,Eletropar
AUAB008,BOF00099M200,F00099M200,sim,Eletropar
AUAB009,BOF00099M001,F00099M001,sim,Eletropar
AUAB010,BOF00099M902,F00099M902,sim,Eletropar
AUAB011,BOF00099M150,F00099M150,sim,Eletropar
AUAB013,BOF00099M100,F00099M100,sim,Eletropar
AUAB014,BOF00099M177,F00099M177,sim,Eletropar
AUAB018,BOF00099M102,F00099M102,sim,Eletropar
AUAB020,BOF00099M104,F00099M104,sim,Eletropar
AUAB021,BOF00099M302,F00099M302,sim,Eletropar
AUBA001,BO0261520143,261520143,sim,Eletropar
AUBA002,BO0261520147,261520147,sim,Eletropar
AUBA003,BO0261520149,261520149,sim,Eletropar
AUBA004,BO0261520281,261520281,sim,Eletropar
AUBA005,BO0261520283,261520283,sim,Eletropar
AUBA006,BO0261520287,261520287,sim,Eletropar
AUBA007,BO0261520289,261520289,sim,Eletropar
AUBA008,BO0261520315,261520315,sim,Eletropar
AUBA009,BO0261520381,261520381,sim,Eletropar
AUBA010,BO0261520472,261520472,sim,Eletropar
AUBA011,BO0261500396,261500396,sim,Eletropar
AUBA012,BO0261520130,261520130,sim,Eletropar
AUBA013,BO0261520134,261520134,sim,Eletropar
AUBA014,BO0261520151,261520151,sim,Eletropar
AUBA015,BO0261520215,261520215,sim,Eletropar
AUBA016,BO0261520128,261520128,sim,Eletropar
AUBA017,BO0261520139,261520139,sim,Eletropar
AUBA018,BO0261520211,261520211,sim,Eletropar
AUBA019,BO0261520245,261520245,sim,Eletropar
AUBA020,BO0261520355,261520355,sim,Eletropar
AUBB001,BO0580454093,580454093,sim,Eletropar
AUBB002,BO0580464070,580464070,sim,Eletropar
AUBB003,BO0580454094,580454094,sim,Eletropar
AUBB004,BO0580453481,580453481,sim,Eletropar
AUBB005,BO0580453631,580453631,sim,Eletropar
AUBB006,BO0580454105,580454105,sim,Eletropar
AUBB007,BO0580464116,580464116,sim,Eletropar
AUBB008,BO0580464103,580464103,sim,Eletropar
AUBB009,BO0580464084,580464084,sim,Eletropar
AUBB010,BO0580464089,580464089,sim,Eletropar
AUBB011,BOF000TE0103,F000TE0103,sim,Eletropar
AUBB013,BOF000TE145M,F000TE145M,sim,Eletropar
AUBB014,BOF000TE159A,F000TE159A,sim,Eletropar
AUBB015,BOF000TE145J,F000TE145J,sim,Eletropar
AUBB016,BOF000TE190A,F000TE190A,sim,Eletropar
AUBB017,BOF000TE189A,F000TE189A,sim,Eletropar
AUBB018,BOF000TE145H,F000TE145H,sim,Eletropar
AUBB019,BOF000TE145N,F000TE145N,sim,Eletropar
AUBB020,BOF000TE0120,F000TE0120,sim,Eletropar
AUBB022,BOF000TE1394,F000TE1394,sim,Eletropar
AUBB023,BOF000TE1054,F000TE1054,sim,Eletropar
AUBB024,BOF000TE1055,F000TE1055,sim,Eletropar
AUBB025,BOF000TE1042,F000TE1042,sim,Eletropar
AUBB026,BOF000TE1257,F000TE1257,sim,Eletropar
AUBB027,BOF000TE1501,F000TE1501,sim,Eletropar
AUBB029,BOF000TE1276,F000TE1276,sim,Eletropar
AUBB030,BOF000TE131X,F000TE131X,sim,Eletropar
AUBB031,BOF000TE188E,F000TE188E,sim,Eletropar
AUBB032,BOF000TE164W,F000TE164W,sim,Eletropar
AUBB033,BOF000TE0104,F000TE0104,sim,Eletropar
AUBB035,BOF000TE185T,F000TE185T,sim,Eletropar
AUBB036,BOF000TE1186,F000TE1186,sim,Eletropar
AUBB037,BOF000TE189B,F000TE189B,sim,Eletropar
AUBB038,BOF000TE190B,F000TE190B,sim,Eletropar
AUBB039,BOF000TE189P,F000TE189P,sim,Eletropar
AUBB040,BOF000TE188Z,F000TE188Z,sim,Eletropar
AUBB042,BOF000TE1184,F000TE1184,sim,Eletropar
AUBB043,BOF000TE1258,F000TE1258,sim,Eletropar
AUBB044,BOF000TE145R,F000TE145R,sim,Eletropar
AUBB045,BOF000TE181A,F000TE181A,sim,Eletropar
AUBB046,BOF000TE190C,F000TE190C,sim,Eletropar
AUBB047,BO0580464081,580464081,sim,Eletropar
AUBF001,BX0204032343,204032343,sim,Eletropar
AUBF002,BX0204032339,204032339,sim,Eletropar
AUBI002,BO0280156272,280156272,sim,Eletropar
AUBI003,BO0280155822,280155822,sim,Eletropar
AUBI004,BO0280156086,280156086,sim,Eletropar
AUBI006,BO0280156034,280156034,sim,Eletropar
AUBI007,BO0280157133,280157133,sim,Eletropar
AUBI008,BO0280155929,280155929,sim,Eletropar
AUBI009,BO0280155821,280155821,sim,Eletropar
AUBI010,BO0280155966,280155966,sim,Eletropar
AUBI011,BO0280156090,280156090,sim,Eletropar
AUBI013,BO0280157147,280157147,sim,Eletropar
AUBI014,BO0280158168,280158168,sim,Eletropar
AUBI015,BO0280158226,280158226,sim,Eletropar
AUBI016,BO0280156296,280156296,sim,Eletropar
AUBI018,BO0280155936,280155936,sim,Eletropar
AUBI019,BO0280156286,280156286,sim,Eletropar
AUBI020,BO0280156214,280156214,sim,Eletropar
AUBI021,BO0280156274,280156274,sim,Eletropar
AUBI022,BO0280156403,280156403,sim,Eletropar
AUBI023,BO0280156020,280156020,sim,Eletropar
AUBI024,BO0280156269,280156269,sim,Eletropar
AUBI025,BO0280156018,280156018,sim,Eletropar
AUBI026,BO0280156439,280156439,sim,Eletropar
AUBI027,BO0280156153,280156153,sim,Eletropar
AUBI028,BO0280156410,280156410,sim,Eletropar
AUBI030,BO0280158105,280158105,sim,Eletropar
AUBI031,BO0280157158,280157158,sim,Eletropar
AUBI032,BO0280156415,280156415,sim,Eletropar
AUBI033,BO0280155812,280155812,sim,Eletropar
AUBI034,BO0280155979,280155979,sim,Eletropar
AUBI035,BO0280158171,280158171,sim,Eletropar
AUBI036,BO0280157111,280157111,sim,Eletropar
AUBI037,BO0280156418,280156418,sim,Eletropar
AUBI038,BO0280157137,280157137,sim,Eletropar
AUBI039,BO0280156326,280156326,sim,Eletropar
AUBI040,BO0280157117,280157117,sim,Eletropar
AUBI041,BO0280158057,280158057,sim,Eletropar
AUBI042,BO0280158170,280158170,sim,Eletropar
AUBI043,BO0280156096,280156096,sim,Eletropar
AUBI044,BO0280156436,280156436,sim,Eletropar
AUBI045,BO0280156281,280156281,sim,Eletropar
AUBI046,BO0280157501,280157501,sim,Eletropar
AUBI047,BO0280155835,280155835,sim,Eletropar
AUBI048,BO0280155888,280155888,sim,Eletropar
AUBI049,BO0280155930,280155930,sim,Eletropar
AUBI050,BO0280156061,280156061,sim,Eletropar
AUBI051,BO0280156144,280156144,sim,Eletropar
AUBI052,BO0280156152,280156152,sim,Eletropar
AUBI053,BO0280156173,280156173,sim,Eletropar
AUBI054,BO0280156295,280156295,sim,Eletropar
AUBI055,BO0280157139,280157139,sim,Eletropar
AUBI056,BO0280157180,280157180,sim,Eletropar
AUBI057,BO0280157182,280157182,sim,Eletropar
AUBI058,BO0280158231,280158231,sim,Eletropar
AUBI060,BO0261500020,261500020,sim,Eletropar
AUBI061,BO0261500063,261500063,sim,Eletropar
AUBI062,BO0261500109,261500109,sim,Eletropar
AUBI063,BO0261500260,261500260,sim,Eletropar
AUBI064,BO0261500333,261500333,sim,Eletropar
AUBI065,BO0261500354,261500354,sim,Eletropar
AUBI066,BO0261500494,261500494,sim,Eletropar
AUBI067,BO0261500533,261500533,sim,Eletropar
AUBI068,BO0261500475,261500475,sim,Eletropar
AUBI069,BO0261500477,261500477,sim,Eletropar
AUBI070,BO0261500585,261500585,sim,Eletropar
AUBI071,BO0261500621,261500621,sim,Eletropar
AUBI072,BO0261500633,261500633,sim,Eletropar
AUBO001,BOF000ZS0206,F000ZS0206,sim,Eletropar
AUBO002,BOF000ZS0210,F000ZS0210,sim,Eletropar
AUBO030,BO0221503008,221503008,sim,Eletropar
AUBO033,BO0221503011,221503011,sim,Eletropar
AUBO028,BO0221503407,221503407,sim,Eletropar
AUBO007,BO0221503485,221503485,sim,Eletropar
AUBO003,BO0221503490,221503490,sim,Eletropar
AUBO016,BO0986221046,986221046,sim,Eletropar
AUBO013,BO0986221049,986221049,sim,Eletropar
AUBO017,BO0986221060,986221060,sim,Eletropar
AUBO024,BO9220081039,9220081039,sim,Eletropar
AUBO009,BO9220081054,9220081054,sim,Eletropar
AUBO004,BO9220081067,9220081067,sim,Eletropar
AUBO025,BO9220081077,9220081077,sim,Eletropar
AUBO010,BO9220081091,9220081091,sim,Eletropar
AUBO006,BO9220081097,9220081097,sim,Eletropar
AUBO021,BO9220081510,9220081510,sim,Eletropar
AUBO020,BO0986MG2301,0986MG2301,sim,Eletropar
AUBO034,BOF000ZS0001,F000ZS0001,sim,Eletropar
AUBO023,BOF000ZS0102,F000ZS0102,sim,Eletropar
AUBO008,BOF000ZS0103,F000ZS0103,sim,Eletropar
AUBO026,BOF000ZS0104,F000ZS0104,sim,Eletropar
AUBO027,BOF000ZS0105,F000ZS0105,sim,Eletropar
AUBO015,BOF000ZS0116,F000ZS0116,sim,Eletropar
AUBO012,BOF000ZS0203,F000ZS0203,sim,Eletropar
AUBO035,BOF000ZS0205,F000ZS0205,sim,Eletropar
AUBO005,BOF000ZS0212,F000ZS0212,sim,Eletropar
AUBO029,BOF000ZS0213,F000ZS0213,sim,Eletropar
AUBO038,BOF000ZS0215,F000ZS0215,sim,Eletropar
AUBO014,BOF000ZS0222,F000ZS0222,sim,Eletropar
AUBO032,BOF000ZS0233,F000ZS0233,sim,Eletropar
AUBO031,BOF000ZS0235,F000ZS0235,sim,Eletropar
AUBO011,BOF000ZS0243,F000ZS0243,sim,Eletropar
AUBO039,BO0221503033,221503033,sim,Eletropar
AUBO040,BO0221503035,221503035,sim,Eletropar
AUBO041,BO0221504006,221504006,sim,Eletropar
AUBO042,BO0221504024,221504024,sim,Eletropar
AUBO043,BO0221504029,221504029,sim,Eletropar
AUBO044,BO0221504030,221504030,sim,Eletropar
AUBO045,BO0221504470,221504470,sim,Eletropar
AUBO046,BO0221504702,221504702,sim,Eletropar
AUBO047,BO0221506002,221506002,sim,Eletropar
AUBO048,BO0221603451,221603451,sim,Eletropar
AUBO049,BO0221604008,221604008,sim,Eletropar
AUBO050,BO0221604010,221604010,sim,Eletropar
AUBO051,BO0221604014,221604014,sim,Eletropar
AUBO052,BO0221604036,221604036,sim,Eletropar
AUBO053,BO0221604112,221604112,sim,Eletropar
AUBO054,BO0221604115,221604115,sim,Eletropar
AUBO055,BO0221604700,221604700,sim,Eletropar
AUBO056,BO0986221023,986221023,sim,Eletropar
AUBO057,BO0986221024,986221024,sim,Eletropar
AUBO058,BO0986221035,986221035,sim,Eletropar
AUBO059,BO0986221045,986221045,sim,Eletropar
AUBO060,BO0986221052,986221052,sim,Eletropar
AUBO061,BO0986221056,986221056,sim,Eletropar
AUBO062,BO0986221057,986221057,sim,Eletropar
AUBO063,BO0986221063,986221063,sim,Eletropar
AUBO064,BO0986221066,986221066,sim,Eletropar
AUBO065,BO0986221074,986221074,sim,Eletropar
AUBO066,BO0986221075,986221075,sim,Eletropar
AUBO067,BO0986221080,986221080,sim,Eletropar
AUBO068,BO0986221090,986221090,sim,Eletropar
AUBO070,BO0986AG0503,0986AG0503,sim,Eletropar
AUBO071,BOF000ZS0217,F000ZS0217,sim,Eletropar
AUBO072,BOF000ZS1426,F000ZS1426,sim,Eletropar
AUCB002,BOF00099C014,F00099C014,sim,Eletropar
AUCB003,BOF00099C131,F00099C131,sim,Eletropar
AUCB004,BOF00099C071,F00099C071,sim,Eletropar
AUCB005,BOF00099C126,F00099C126,sim,Eletropar
AUCB006,BOF00099C012,F00099C012,sim,Eletropar
AUCB007,BOF00099C075,F00099C075,sim,Eletropar
AUCB008,BOF00099C125,F00099C125,sim,Eletropar
AUCB009,BOF00099C143,F00099C143,sim,Eletropar
AUCB011,BOF00099C132,F00099C132,sim,Eletropar
AUCB012,BO9295080044,9295080044,sim,Eletropar
AUCB013,BOF00099C072,F00099C072,sim,Eletropar
AUCB014,BOF00099C147,F00099C147,sim,Eletropar
AUCB015,BOF00099C130,F00099C130,sim,Eletropar
AUCB016,BOF00099C110,F00099C110,sim,Eletropar
AUCB017,BO9295080030,9295080030,sim,Eletropar
AUCB018,BOF00099C121,F00099C121,sim,Eletropar
AUCB019,BOF00099C144,F00099C144,sim,Eletropar
AUCB020,BOF00099C624,F00099C624,sim,Eletropar
AUCB021,BO9295080043,9295080043,sim,Eletropar
AUCB022,BOF00099C078,F00099C078,sim,Eletropar
AUCB023,BO9295080050,9295080050,sim,Eletropar
AUCB024,BOF00099C082,F00099C082,sim,Eletropar
AUCB025,BOF00099C081,F00099C081,sim,Eletropar
AUCB026,BOF00099C625,F00099C625,sim,Eletropar
AUCB027,BOF00099C142,F00099C142,sim,Eletropar
AUCB028,BOF00099C146,F00099C146,sim,Eletropar
AUCB029,BOF00099C084,F00099C084,sim,Eletropar
AUCB030,BOF00099C127,F00099C127,sim,Eletropar
AUCB031,BOF00099C073,F00099C073,sim,Eletropar
AUCB033,BOF00099C091,F00099C091,sim,Eletropar
AUCB034,BO9295080028,9295080028,sim,Eletropar
AUCB035,BO9295080029,9295080029,sim,Eletropar
AUCB036,BO9295080041,9295080041,sim,Eletropar
AUCB037,BOF00099C062,F00099C062,sim,Eletropar
AUCB038,BO9295080048,9295080048,sim,Eletropar
AUCB039,BOF00099C015,F00099C015,sim,Eletropar
AUCB040,BOF00099C058,F00099C058,sim,Eletropar
AUCB041,BO9295080032,9295080032,sim,Eletropar
AUCB042,BOF00099C087,F00099C087,sim,Eletropar
AUCB044,BOF00099C602,F00099C602,sim,Eletropar
AUCB045,BO9295080049,9295080049,sim,Eletropar
AUCB048,BO9295080053,9295080053,sim,Eletropar
AUCB049,BOF00099C024,F00099C024,sim,Eletropar
AUCB050,BOF00099C063,F00099C063,sim,Eletropar
AUCB051,BO9295080042,9295080042,sim,Eletropar
AUCB052,BOF00099C145,F00099C145,sim,Eletropar
AUCB053,BOF00099C614,F00099C614,sim,Eletropar
AUCB054,BOF00099C122,F00099C122,sim,Eletropar
AUCB055,BOF00099C090,F00099C090,sim,Eletropar
AUCB056,BO9295080040,9295080040,sim,Eletropar
AUCB059,BO9295080036,9295080036,sim,Eletropar
AUCB060,BO9295080031,9295080031,sim,Eletropar
AUCB061,BOF00099C128,F00099C128,sim,Eletropar
AUCB064,BOF00099C077,F00099C077,sim,Eletropar
AUCB066,BOF00099C609,F00099C609,sim,Eletropar
AUCB068,BOF00099C106,F00099C106,sim,Eletropar
AUCB069,BOF00099C079,F00099C079,sim,Eletropar
AUCB070,BOF00099C086,F00099C086,sim,Eletropar
AUCB072,BO9295080047,9295080047,sim,Eletropar
AUCB073,BO9295080046,9295080046,sim,Eletropar
AUCB074,BO9295080052,9295080052,sim,Eletropar
AUCB075,BO9295080060,9295080060,sim,Eletropar
AUCB076,BO9295080051,9295080051,sim,Eletropar
AUCB077,BOF00099C134,F00099C134,sim,Eletropar
AUCB079,BOF00099C599,F00099C599,sim,Eletropar
AUCB080,BOF00099C124,F00099C124,sim,Eletropar
AUCB081,BOF00099C135,F00099C135,sim,Eletropar
AUCB082,BOF00099C140,F00099C140,sim,Eletropar
AUCB083,BOF00099C612,F00099C612,sim,Eletropar
AUCB084,BO9295080059,9295080059,sim,Eletropar
AUCB085,BOF00099C068,F00099C068,sim,Eletropar
AUCB087,BOF00099C129,F00099C129,sim,Eletropar
AUCB089,BOF00099C092,F00099C092,sim,Eletropar
AUCB090,BO9295080055,9295080055,sim,Eletropar
AUCB091,BOF00099C070,F00099C070,sim,Eletropar
AUCB092,BO9295080034,9295080034,sim,Eletropar
AUCB093,BO9295080035,9295080035,sim,Eletropar
AUCB094,BO9295080054,9295080054,sim,Eletropar
AUCB095,BO9295080057,9295080057,sim,Eletropar
AUCB096,BOF00099C067,F00099C067,sim,Eletropar
AUCB099,BO9295080027,9295080027,sim,Eletropar
AUCB101,BO9295080018,9295080018,sim,Eletropar
AUCB102,BO9295080017,9295080017,sim,Eletropar
AUCB103,BO9295080004,9295080004,sim,Eletropar
AUCB104,BO9295080010,9295080010,sim,Eletropar
AUCB105,BO9295080020,9295080020,sim,Eletropar
AUCB106,BO9295080016,9295080016,sim,Eletropar
AUCB107,BO9295080021,9295080021,sim,Eletropar
AUCB108,BO9295080022,9295080022,sim,Eletropar
AUCB109,BO9295080009,9295080009,sim,Eletropar
AUCB110,BO9295080001,9295080001,sim,Eletropar
AUFA001,AE0160754,160754,sim,Eletropar
AUFA002,AE0160753,160753,sim,Eletropar
AUFA003,AE0160550,160550,sim,Eletropar
AUFA004,AE0160818,160818,sim,Eletropar
AUFA005,AE0160549,160549,sim,Eletropar
AUFA006,AE0160817,160817,sim,Eletropar
AUFA007,AE0160392,160392,sim,Eletropar
AUFA008,AE0160391,160391,sim,Eletropar
AUFA009,AE0160124,160124,sim,Eletropar
AUFA010,AE0160662,160662,sim,Eletropar
AUFA011,AE0160123,160123,sim,Eletropar
AUFA012,AE0160661,160661,sim,Eletropar
AUFA013,AE0160758,160758,sim,Eletropar
AUFA014,AE0160757,160757,sim,Eletropar
AUFA015,AE0160756,160756,sim,Eletropar
AUFA016,AE0160755,160755,sim,Eletropar
AUFA017,AE0160736,160736,sim,Eletropar
AUFA018,AE0160778,160778,sim,Eletropar
AUFA019,AE0160720,160720,sim,Eletropar
AUFA020,AE0160777,160777,sim,Eletropar
AUFA021,AE0160735,160735,sim,Eletropar
AUFA022,AE0160719,160719,sim,Eletropar
AUFA023,AE0160380,160380,sim,Eletropar
AUFA024,AE0160254,160254,sim,Eletropar
AUFA025,AE0160379,160379,sim,Eletropar
AUFA026,AE0160253,160253,sim,Eletropar
AUFA027,AE0160180,160180,sim,Eletropar
AUFA028,AE0160179,160179,sim,Eletropar
AUFA029,AE0160168,160168,sim,Eletropar
AUFA030,AE0160167,160167,sim,Eletropar
AUFA031,AE0160708,160708,sim,Eletropar
AUFA032,AE0160780,160780,sim,Eletropar
AUFA033,AE0160707,160707,sim,Eletropar
AUFA034,AE0160779,160779,sim,Eletropar
AUFA035,AE0160156,160156,sim,Eletropar
AUFA036,AE0160155,160155,sim,Eletropar
AUFA037,AE0160830,160830,sim,Eletropar
AUFA038,AE0160829,160829,sim,Eletropar
AUFA039,AE0160832,160832,sim,Eletropar
AUFA040,AE0160831,160831,sim,Eletropar
AUFA041,AE0160618,160618,sim,Eletropar
AUFA042,AE0160617,160617,sim,Eletropar
AUFA043,AE0160742,160742,sim,Eletropar
AUFA044,AE0160741,160741,sim,Eletropar
AUFA046,AE0160250,160250,sim,Eletropar
AUFA048,AE0160249,160249,sim,Eletropar
AUFA049,AE0160182,160182,sim,Eletropar
AUFA050,AE0160200,160200,sim,Eletropar
AUFA051,AE0160181,160181,sim,Eletropar
AUFA052,AE0160199,160199,sim,Eletropar
AUFA053,AE0160266,160266,sim,Eletropar
AUFA054,AE0160226,160226,sim,Eletropar
AUFA055,AE0160224,160224,sim,Eletropar
AUFA056,AE0160265,160265,sim,Eletropar
AUFA057,AE0160223,160223,sim,Eletropar
AUFA058,AE0160225,160225,sim,Eletropar
AUFA059,AE0160654,160654,sim,Eletropar
AUFA060,AE0160653,160653,sim,Eletropar
AUFA061,AE0160664,160664,sim,Eletropar
AUFA062,AE0160663,160663,sim,Eletropar
AUFA063,AE0160796,160796,sim,Eletropar
AUFA064,AE0160714,160714,sim,Eletropar
AUFA065,AE0160738,160738,sim,Eletropar
AUFA066,AE0160712,160712,sim,Eletropar
AUFA067,AE0160752,160752,sim,Eletropar
AUFA068,AE0160795,160795,sim,Eletropar
AUFA069,AE0160713,160713,sim,Eletropar
AUFA070,AE0160737,160737,sim,Eletropar
AUFA071,AE0160711,160711,sim,Eletropar
AUFA072,AE0160751,160751,sim,Eletropar
AUFA073,AE0160820,160820,sim,Eletropar
AUFA074,AE0160838,160838,sim,Eletropar
AUFA075,AE0160819,160819,sim,Eletropar
AUFA076,AE0160837,160837,sim,Eletropar
AUFA077,AE0160702,160702,sim,Eletropar
AUFA080,AE0160798,160798,sim,Eletropar
AUFA081,AE0160800,160800,sim,Eletropar
AUFA082,AE0160799,160799,sim,Eletropar
AUFA083,AE0160797,160797,sim,Eletropar
AUFA086,AE0160652,160652,sim,Eletropar
AUFA087,AE0160651,160651,sim,Eletropar
AUFA088,AE0160791,160791,sim,Eletropar
AUFA091,AE0160768,160768,sim,Eletropar
AUFA092,AE0160770,160770,sim,Eletropar
AUFA093,AE0160769,160769,sim,Eletropar
AUFA094,AE0160767,160767,sim,Eletropar
AUFA095,AE0160774,160774,sim,Eletropar
AUFA096,AE0160772,160772,sim,Eletropar
AUFA097,AE0160771,160771,sim,Eletropar
AUFA098,AE0160773,160773,sim,Eletropar
AUFA101,AE0160781,160781,sim,Eletropar
AUFA102,AE0160785,160785,sim,Eletropar
AUFA103,AE0160787,160787,sim,Eletropar
AUFA104,AE0160701,160701,sim,Eletropar
AUFA105,AE0160814,160814,sim,Eletropar
AUFA106,AE0160813,160813,sim,Eletropar
AUFA107,AE0160192,160192,sim,Eletropar
AUFA108,AE0160191,160191,sim,Eletropar
AUFA109,AE0160700,160700,sim,Eletropar
AUFA110,AE0160650,160650,sim,Eletropar
AUFA111,AE0160699,160699,sim,Eletropar
AUFA112,AE0160649,160649,sim,Eletropar
AUFA113,AE0160193,160193,sim,Eletropar
AUFA114,AE0160194,160194,sim,Eletropar
AUFA115,AE0160213,160213,sim,Eletropar
AUFA116,AE0160214,160214,sim,Eletropar
AUFA117,AE0160219,160219,sim,Eletropar
AUFA118,AE0160220,160220,sim,Eletropar
AUFA119,AE0160251,160251,sim,Eletropar
AUFA120,AE0160252,160252,sim,Eletropar
AUFA121,AE0160275,160275,sim,Eletropar
AUFA122,AE0160276,160276,sim,Eletropar
AUFA125,AE0160411,160411,sim,Eletropar
AUFA126,AE0160412,160412,sim,Eletropar
AUFA128,AE0160485,160485,sim,Eletropar
AUFA130,AE0160551,160551,sim,Eletropar
AUFA131,AE0160218,160218,sim,Eletropar
AUFA132,AE0160552,160552,sim,Eletropar
AUFA133,AE0160217,160217,sim,Eletropar
AUFA134,AE0160587,160587,sim,Eletropar
AUFA135,AE0160236,160236,sim,Eletropar
AUFA136,AE0160588,160588,sim,Eletropar
AUFA137,AE0160235,160235,sim,Eletropar
AUFA138,AE0160675,160675,sim,Eletropar
AUFA139,AE0160790,160790,sim,Eletropar
AUFA140,AE0160676,160676,sim,Eletropar
AUFA141,AE0160762,160762,sim,Eletropar
AUFA142,AE0160739,160739,sim,Eletropar
AUFA143,AE0160761,160761,sim,Eletropar
AUFA144,AE0160745,160745,sim,Eletropar
AUFA145,AE0160789,160789,sim,Eletropar
AUFA146,AE0160746,160746,sim,Eletropar
AUFA147,AE0160764,160764,sim,Eletropar
AUFA148,AE0160749,160749,sim,Eletropar
AUFA149,AE0160763,160763,sim,Eletropar
AUFA150,AE0160750,160750,sim,Eletropar
AUFA151,AE0160786,160786,sim,Eletropar
AUFA153,AE0160788,160788,sim,Eletropar
AUFA154,AE0160782,160782,sim,Eletropar
AUFA155,AE0160485,160485,sim,Eletropar
AUFB001,BO0986B02316,986B02316,sim,Eletropar
AUFB002,BO0986B02313,986B02313,sim,Eletropar
AUFB003,BO01457433513,1457433513,sim,Eletropar
AUFB004,BO0986B02314,986B02314,sim,Eletropar
AUFB005,BO0986B02328,986B02328,sim,Eletropar
AUFB006,BO0986B02367,986B02367,sim,Eletropar
AUFB007,BO0986B02369,986B02369,sim,Eletropar
AUFB008,BO0986B02312,986B02312,sim,Eletropar
AUFB009,BO0986B02516,986B02516,sim,Eletropar
AUFB010,BO0986B02001,986B02001,sim,Eletropar
AUFB011,BO0986B02510,986B02510,sim,Eletropar
AUFB012,BO0986B02306,986B02306,sim,Eletropar
AUFB014,BO0986B02305,986B02305,sim,Eletropar
AUFB015,BO0986B02320,986B02320,sim,Eletropar
AUFB016,BO0986B02325,986B02325,sim,Eletropar
AUFB018,BO0986B02041,986B02041,sim,Eletropar
AUFB019,BO0986B02323,986B02323,sim,Eletropar
AUFB021,BO0986B02322,986B02322,sim,Eletropar
AUFB022,BO0986B02333,986B02333,sim,Eletropar
AUFB023,BO0986B02331,986B02331,sim,Eletropar
AUFB024,BO0986B02373,986B02373,sim,Eletropar
AUFB025,BO0986B02354,986B02354,sim,Eletropar
AUFB028,BO0986B02372,986B02372,sim,Eletropar
AUFB030,BO0986B02310,986B02310,sim,Eletropar
AUFB031,BO0986B02324,986B02324,sim,Eletropar
AUFB032,BO0986B02371,986B02371,sim,Eletropar
AUFB033,BO0986B02357,986B02357,sim,Eletropar
AUFB034,BO0986B02308,986B02308,sim,Eletropar
AUFB035,BO0986B02018,986B02018,sim,Eletropar
AUFB036,BO0986BF0239,986BF0239,sim,Eletropar
AUFB037,BO01457432286,1457432286,sim,Eletropar
AUFB038,BO0986B02307,986B02307,sim,Eletropar
AUFB042,BO0986450239,986450239,sim,Eletropar
AUFB043,BO0986BF0018,986BF0018,sim,Eletropar
AUFB044,BO0986450238,986450238,sim,Eletropar
AUFB045,BO0986BF0026,986BF0026,sim,Eletropar
AUFB046,BO0986BF0024,986BF0024,sim,Eletropar
AUFB047,BO0986452233,986452233,sim,Eletropar
AUFB048,BO0986BF0025,986BF0025,sim,Eletropar
AUFB049,BO0986BF0022,986BF0022,sim,Eletropar
AUFB050,BO0986450144,986450144,sim,Eletropar
AUFB051,BO0986450646,986450646,sim,Eletropar
AUFB053,BO0986B00004,986B00004,sim,Eletropar
AUFB054,BO0986B00021,986B00021,sim,Eletropar
AUFB055,BO01457429249,1457429249,sim,Eletropar
AUFB056,BO01457429193,1457429193,sim,Eletropar
AUFB057,BO0986B00702,986B00702,sim,Eletropar
AUFB058,BO0986B00015,986B00015,sim,Eletropar
AUFB059,BO0986B00014,986B00014,sim,Eletropar
AUFB060,BO0451103321,451103321,sim,Eletropar
AUFB061,BO0451103322,451103322,sim,Eletropar
AUFB062,BO0986B00003,986B00003,sim,Eletropar
AUFB063,BO0986B00018,986B00018,sim,Eletropar
AUFB064,BO0451103332,451103332,sim,Eletropar
AUFB065,BO0986B00002,986B00002,sim,Eletropar
AUFB066,BO0986B00023,986B00023,sim,Eletropar
AUFB068,BO0986B00016,986B00016,sim,Eletropar
AUFB069,BO0451103323,451103323,sim,Eletropar
AUFB070,BO0986b00062,986b00062,sim,Eletropar
AULA001,AE0460402,460402,sim,Eletropar
AULA002,AE0460400,460400,sim,Eletropar
AULA003,AE0460399,460399,sim,Eletropar
AULA004,AE0460401,460401,sim,Eletropar
AULA005,AE0460268,460268,sim,Eletropar
AULA006,AE0460267,460267,sim,Eletropar
AULA007,AE0460273,460273,sim,Eletropar
AULA008,AE0460274,460274,sim,Eletropar
AULA009,AE0460226,460226,sim,Eletropar
AULA010,AE0460225,460225,sim,Eletropar
AULA011,AE0460356,460356,sim,Eletropar
AULA012,AE0460354,460354,sim,Eletropar
AULA013,AE0460355,460355,sim,Eletropar
AULA014,AE0460353,460353,sim,Eletropar
AULA017,AE0460413,460413,sim,Eletropar
AULA018,AE0460412,460412,sim,Eletropar
AULA019,AE0460411,460411,sim,Eletropar
AULA020,AE0460414,460414,sim,Eletropar
AULA021,AE0460248,460248,sim,Eletropar
AULA022,AE0460247,460247,sim,Eletropar
AULA023,AE0460372,460372,sim,Eletropar
AULA024,AE0460371,460371,sim,Eletropar
AULA025,AE0460336,460336,sim,Eletropar
AULA026,AE0460335,460335,sim,Eletropar
AULA027,AE0460428,460428,sim,Eletropar
AULA028,AE0460427,460427,sim,Eletropar
AULA029,AE0460429,460429,sim,Eletropar
AULA030,AE0460430,460430,sim,Eletropar
AULA031,AE0460500,460500,sim,Eletropar
AULA032,AE0460504,460504,sim,Eletropar
AULA033,AE0460510,460510,sim,Eletropar
AULA034,AE0460499,460499,sim,Eletropar
AULA035,AE0460503,460503,sim,Eletropar
AULA037,AE0460509,460509,sim,Eletropar
AULA038,AE0460502,460502,sim,Eletropar
AULA039,AE0460506,460506,sim,Eletropar
AULA040,AE0460505,460505,sim,Eletropar
AULA041,AE0460501,460501,sim,Eletropar
AULA042,AE0460344,460344,sim,Eletropar
AULA043,AE0460348,460348,sim,Eletropar
AULA044,AE0460343,460343,sim,Eletropar
AULA045,AE0460347,460347,sim,Eletropar
AULA046,AE0460416,460416,sim,Eletropar
AULA047,AE0460418,460418,sim,Eletropar
AULA048,AE0460415,460415,sim,Eletropar
AULA050,AE0460417,460417,sim,Eletropar
AULA051,AE0460488,460488,sim,Eletropar
AULA052,AE0460487,460487,sim,Eletropar
AULA053,AE0460374,460374,sim,Eletropar
AULA054,AE0460373,460373,sim,Eletropar
AULA055,AE0460472,460472,sim,Eletropar
AULA056,AE0460471,460471,sim,Eletropar
AULA057,AE0460470,460470,sim,Eletropar
AULA058,AE0460469,460469,sim,Eletropar
AULA059,AE0460466,460466,sim,Eletropar
AULA060,AE0460468,460468,sim,Eletropar
AULA061,AE0460467,460467,sim,Eletropar
AULA062,AE0460465,460465,sim,Eletropar
AULA064,AE0460351,460351,sim,Eletropar
AULA066,AE0460350,460350,sim,Eletropar
AULA067,AE0460260,460260,sim,Eletropar
AULA069,AE0460259,460259,sim,Eletropar
AULA071,AE0460278,460278,sim,Eletropar
AULA072,AE0460452,460452,sim,Eletropar
AULA073,AE0460450,460450,sim,Eletropar
AULA074,AE0460451,460451,sim,Eletropar
AULA075,AE0460449,460449,sim,Eletropar
AULA076,AE0460426,460426,sim,Eletropar
AULA077,AE0460425,460425,sim,Eletropar
AULA078,AE0460424,460424,sim,Eletropar
AULA079,AE0460423,460423,sim,Eletropar
AULA080,AE0460434,460434,sim,Eletropar
AULA081,AE0460432,460432,sim,Eletropar
AULA082,AE0460433,460433,sim,Eletropar
AULA083,AE0460431,460431,sim,Eletropar
AULA084,AE0460298,460298,sim,Eletropar
AULA085,AE0460297,460297,sim,Eletropar
AULA089,AE0460340,460340,sim,Eletropar
AULA090,AE0460339,460339,sim,Eletropar
AULA091,AE0460384,460384,sim,Eletropar
AULA092,AE0460382,460382,sim,Eletropar
AULA093,AE0460383,460383,sim,Eletropar
AULA095,AE0460362,460362,sim,Eletropar
AULA097,AE0460361,460361,sim,Eletropar
AULA099,AE0460438,460438,sim,Eletropar
AULA100,AE0460436,460436,sim,Eletropar
AULA101,AE0460369,460369,sim,Eletropar
AULA102,AE0460182,460182,sim,Eletropar
AULA103,AE0460181,460181,sim,Eletropar
AULA104,AE0460508,460508,sim,Eletropar
AULA105,AE0460507,460507,sim,Eletropar
AULA106,AE0460246,460246,sim,Eletropar
AULA107,AE0460245,460245,sim,Eletropar
AULA110,AE0460406,460406,sim,Eletropar
AULA111,AE0460405,460405,sim,Eletropar
AULA112,AE0460403,460403,sim,Eletropar
AULA113,AE0460404,460404,sim,Eletropar
AULA114,AE0460266,460266,sim,Eletropar
AULA115,AE0460370,460370,sim,Eletropar
AULA116,AE0460265,460265,sim,Eletropar
AULA124,AE0460437,460437,sim,Eletropar
AULA125,AE0460435,460435,sim,Eletropar
AULA126,AE0460442,460442,sim,Eletropar
AULA127,AE0460448,460448,sim,Eletropar
AULA128,AE0460441,460441,sim,Eletropar
AULA129,AE0460445,460445,sim,Eletropar
AULA130,AE0460447,460447,sim,Eletropar
AULA140,AE0190361,190361,sim,Eletropar
AULA141,AE0190362,190362,sim,Eletropar
AULA142,AE0190385,190385,sim,Eletropar
AULA143,AE0190386,190386,sim,Eletropar
AULA144,AE0460443,460443,sim,Eletropar
AULA145,AE0460495,460495,sim,Eletropar
AULA146,AE0460496,460496,sim,Eletropar
AULA147,AE0460497,460497,sim,Eletropar
AULA148,AE0460498,460498,sim,Eletropar
AULN001,LA2825,W5W,sim,Eletropar
AULN002,LAN233,69,sim,Eletropar
AULN003,LAN380,LAN380,sim,Eletropar
AULN004,LAN382,LAN382,sim,Eletropar
AULO001,LA64211NL,LA64211NL,sim,Eletropar
AULO003,LA64151,LA64151,sim,Eletropar
AULO004,LA9005,LA9005,sim,Eletropar
AULO005,LA9005CBI,9005CBI,sim,Eletropar
AULO006,LA9005NBU,9005NBU,sim,Eletropar
AULO007,LA9006,LA9006,sim,Eletropar
AULO008,LA9006CBI,9006CBI,sim,Eletropar
AULO009,LA9006NL,9006NL,sim,Eletropar
AULO010,LA64150,LA64150,sim,Eletropar
AULO011,LA64150CBI,64150CBI,sim,Eletropar
AULO012,LA64150NL,64150NL,sim,Eletropar
AULO013,LA64211,LA64211,sim,Eletropar
AULO014,LA64211CBI,64211CBI,sim,Eletropar
AULO015,LA64151CBI,64151CBI,sim,Eletropar
AULO016,LA64193,LA64193,sim,Eletropar
AULO017,LA64193CBL,64193CBL,sim,Eletropar
AULO018,LA64193NL,64193NL,sim,Eletropar
AULO019,LA64210,LA64210,sim,Eletropar
AULO020,LA64210NL,64210NL,sim,Eletropar
AULO021,LA64212CBI,64212CBI,sim,Eletropar
AULO022,LA64210CBL,LA64151NBU,sim,Eletropar
AULO023,LA64210CBL,64210CBL,sim,Eletropar
AULO024,LA64213,LA64213,sim,Eletropar
AULO026,LA9007,LA9007,sim,Eletropar
AULO027,LA64212,LA64212,sim,Eletropar
AULO028,LA64219L,64219L,sim,Eletropar
AULO029,LA9008,LA9008,sim,Eletropar
AULO030,W5W,W5W,sim,Eletropar
AULO031,LA3157,LA3157,sim,Eletropar
AULO032,LA64211NL,LA64211NL,sim,Eletropar
AULO033,LA7528,la7528,sim,Eletropar
AULO034,LA7507LDA,LA7507LDA,sim,Eletropar
AULO035,LA64151CBI,64151CBI,sim,Eletropar
AUMV002,VP495105,495105,sim,Eletropar
AUMV004,VP495116,495116,sim,Eletropar
AUMV007,VP495107,495107,sim,Eletropar
AUMV008,VP438169,438169,sim,Eletropar
AUMV009,VP495108,495108,sim,Eletropar
AUMV010,VP495100,495100,sim,Eletropar
AUMV011,VP495111,495111,sim,Eletropar
AUMV012,VP495115,495115,sim,Eletropar
AUMV013,VP495117,495117,sim,Eletropar
AUMV015,VP600081,600081,sim,Eletropar
AUMV016,VP495101,495101,sim,Eletropar
AUMV017,VP438170,438170,sim,Eletropar
AUMV018,VP438274,438274,sim,Eletropar
AUMV020,VPFS10B1,FS10B1,sim,Eletropar
AUPB001,BO3397006890,3397006890,sim,Eletropar
AUPB002,BO3397006896,3397006896,sim,Eletropar
AUPB003,BO3397013181,3397013181,sim,Eletropar
AUPB004,BO3397006894,3397006894,sim,Eletropar
AUPB005,BO3397006899,3397006899,sim,Eletropar
AUPB006,BO3397013057,3397013057,sim,Eletropar
AUPB007,BO3397006889,3397006889,sim,Eletropar
AUPB008,BO3397016120,3397016120,sim,Eletropar
AUPB009,BO3397016121,3397016121,sim,Eletropar
AUPB010,BO3397011628,3397011628,sim,Eletropar
AUPB011,BO3397011433,3397011433,sim,Eletropar
AUPB012,BO3397011629,3397011629,sim,Eletropar
AUPB013,BO3397011593,3397011593,sim,Eletropar
AUPB014,BO3397006898,3397006898,sim,Eletropar
AUPB015,BO3397006893,3397006893,sim,Eletropar
AUPB016,BO3397011630,3397011630,sim,Eletropar
AUPB017,BO3397006892,3397006892,sim,Eletropar
AUPB018,BO3397006895,3397006895,sim,Eletropar
AUPB019,BO3397013064,3397013064,sim,Eletropar
AUPB020,BO3397013062,3397013062,sim,Eletropar
AUPB021,BO3397011594,3397011594,sim,Eletropar
AUPB022,BO3397008006,3397008006,sim,Eletropar
AUPB023,BO3397011432,3397011432,sim,Eletropar
AUPB024,BO3397016122,3397016122,sim,Eletropar
AUPB025,BO3397011598,3397011598,sim,Eletropar
AUPB026,BO3397013066,3397013066,sim,Eletropar
AUPB027,BO3397004911,3397004911,sim,Eletropar
AUPB028,BO3397006891,3397006891,sim,Eletropar
AUPB029,BO3397006888,3397006888,sim,Eletropar
AUPB030,BO3397006897,3397006897,sim,Eletropar
AUPB031,BO3397016124,3397016124,sim,Eletropar
AUPB032,BO3397016123,3397016123,sim,Eletropar
AUPB033,BO3397013060,3397013060,sim,Eletropar
AUPB034,BO3397013061,3397013061,sim,Eletropar
AUPB035,BO3397013063,3397013063,sim,Eletropar
AUPB036,BO3397013065,3397013065,sim,Eletropar
AUPB037,BO3397013063,3397013063,sim,Eletropar
AUPB038,BO3397013065,3397013065,sim,Eletropar
AUPB039,BO3397011595,3397011595,sim,Eletropar
AUPB040,BO3397011596,3397011596,sim,Eletropar
AUPB041,BO3397011597,3397011597,sim,Eletropar
AUPB042,BO3397007116,3397007116,sim,Eletropar
AUPB043,BO3397007120,3397007120,sim,Eletropar
AUPB045,BO3397011592,3397011592,sim,Eletropar
AUPB046,BO3397008635,3397008635,sim,Eletropar
AUPB047,BO3397008995,3397008995,sim,Eletropar
AUPB048,BO3397013058,3397013058,sim,Eletropar
AUPB049,BO3397013059,3397013059,sim,Eletropar
AUPB050,BO3397013182,3397013182,sim,Eletropar
AUPB051,BO3397004912,3397004912,sim,Eletropar
AUPB052,BO3397011430,3397011430,sim,Eletropar
AUPB053,BO3397004914,3397004914,sim,Eletropar
AUPB054,BO3397011429,3397011429,sim,Eletropar
AUPB055,BO3397004802,3397004802,sim,Eletropar
AUPB056,BO3397004772,3397004772,sim,Eletropar
AUPB057,BO3397007422,3397007422,sim,Eletropar
AUPB058,BO3397008997,3397008997,sim,Eletropar
AUPB059,BO3397007428,3397007428,sim,Eletropar
AUPB060,BO3397008050,3397008050,sim,Eletropar
AUPB061,BO3397009822,3397009822,sim,Eletropar
AUPB062,BO3397014477,3397014477,sim,Eletropar
AUPB063,BO3397014204,3397014204,sim,Eletropar
AUPB064,BO3397007856,3397007856,sim,Eletropar
AUPB065,BO3397118933,3397118933,sim,Eletropar
AUPB067,BO3397008050,3397008050,sim,Eletropar
AUPB068,BO3397008058,3397008058,sim,Eletropar
AUPB069,BO3397008006,3397008006,sim,Eletropar
AUPB070,BO3397004628,3397004628,sim,Eletropar
AUPB071,BO3397004629,3397004629,sim,Eletropar
AUPB072,BO3397004559,3397004559,sim,Eletropar
AUPB073,BO3397004631,3397004631,sim,Eletropar
AUPB074,BO3397004632,3397004632,sim,Eletropar
AUPB075,BO3397008005,3397008005,sim,Eletropar
AUPB076,BO3397011296,3397011296,sim,Eletropar
AUPB077,BO3397008997,3397008997,sim,Eletropar
AUPB078,BO3397008635,3397008635,sim,Eletropar
AUPB081,BO3397008995,3397008995,sim,Eletropar
AUPB082,BO3397008192,3397008192,sim,Eletropar
AUPB083,BO3397008056,3397008056,sim,Eletropar
AUPB084,BO3397014503,3397014503,sim,Eletropar
AUPB085,BO3397014502,3397014502,sim,Eletropar
AUPB086,BO3397014476,3397014476,sim,Eletropar
AUPB087,BO3397014475,3397014475,sim,Eletropar
AUPB088,BO3397011677,3397011677,sim,Eletropar
AUPB089,BO3397014206,3397014206,sim,Eletropar
AUPB094,BO3397011678,3397011678,sim,Eletropar
AUPB095,BO3397004916,3397004916,sim,Eletropar
AUPB096,A401H,A401H,sim,Eletropar
AUPC001,BXF03B050075,F03B050075,sim,Eletropar
AUPC002,BXF03B050290,F03B050290,sim,Eletropar
AUPC003,BXF03B050058,F03B050058,sim,Eletropar
AUPC005,BXF03B050144,F03B050144,sim,Eletropar
AUPC006,BXF03B050143,F03B050143,sim,Eletropar
AUPC007,BXF03B050049,F03B050049,sim,Eletropar
AUPC010,BXF03B050107,F03B050107,sim,Eletropar
AUPC017,BXF03B050387,F03B050387,sim,Eletropar
AUPC018,BXF03B050388,F03B050388,sim,Eletropar
AUPC019,BXF03B050229,F03B050229,sim,Eletropar
AUPC020,BXF03B050230,F03B050230,sim,Eletropar
AUPC024,BXF03B050408,F03B050408,sim,Eletropar
AUPC027,BXF03B050042,F03B050042,sim,Eletropar
AUPC028,BXF03B050071,F03B050071,sim,Eletropar
AUPC029,BXF03B050146,F03B050146,sim,Eletropar
AUPC030,BXF03B050139,F03B050139,sim,Eletropar
AUPC031,BXF03B050046,F03B050046,sim,Eletropar
AUPC033,BXF03B050039,F03B050039,sim,Eletropar
AUPC034,BXF03B050004,F03B050004,sim,Eletropar
AUPC037,BXF03B050191,F03B050191,sim,Eletropar
AUPC038,BXF03B050164,F03B050164,sim,Eletropar
AUPC042,BXF03B050106,F03B050106,sim,Eletropar
AUPC044,BXF03B050294,F03B050294,sim,Eletropar
AUPC047,BXF03B050183,F03B050183,sim,Eletropar
AUPC048,BXF03B050085,F03B050085,sim,Eletropar
AUPC049,BXF03B050186,F03B050186,sim,Eletropar
AUPC050,BXF03B050187,F03B050187,sim,Eletropar
AUPC052,BXF03B050239,F03B050239,sim,Eletropar
AUPC053,BXF03B050041,F03B050041,nao,Eletropar
AUPC055,BXF03B050059,F03B050059,sim,Eletropar
AUPC057,BXF03B050040,F03B050040,sim,Eletropar
AUPC059,BXF03B050047,F03B050047,sim,Eletropar
AUPC061,BXF03B050134,F03B050134,sim,Eletropar
AUPC062,BXF03B050136,F03B050136,sim,Eletropar
AUPC063,BXF03B050138,F03B050138,sim,Eletropar
AUPC064,BXF03B050153,F03B050153,sim,Eletropar
AUPC065,BXF03B050154,F03B050154,sim,Eletropar
AUPC066,BXF03B050171,F03B050171,sim,Eletropar
AUPC067,BXF03B050172,F03B050172,sim,Eletropar
AUPC069,BXF03B050185,F03B050185,sim,Eletropar
AUPC075,BXF03B050139,F03B050139,sim,Eletropar
AUPC079,BXF03A050000,F03A050000,sim,Eletropar
AUPC080,BXF03A050004,F03A050004,sim,Eletropar
AUPC081,BXF03A050006,F03A050006,sim,Eletropar
AUPC083,BXF03B050024,F03B050024,sim,Eletropar
AUPC084,BXF03B050025,F03B050025,sim,Eletropar
AUPC086,BXF03B050040,F03B050040,sim,Eletropar
AUPC087,BXF03B050041,F03B050041,sim,Eletropar
AUPC088,BXF03B050042,F03B050042,sim,Eletropar
AUPC089,BXF03B050046,F03B050046,sim,Eletropar
AUPC090,BXF03B050047,F03B050047,sim,Eletropar
AUPC091,BXF03B050049,F03B050049,sim,Eletropar
AUPC092,BXF03B050058,F03B050058,sim,Eletropar
AUPC094,BXF03B050071,F03B050071,sim,Eletropar
AUPC095,BXF03B050075,F03B050075,sim,Eletropar
AUPC096,BXF03B050081,F03B050081,sim,Eletropar
AUPC097,BXF03B050092,F03B050092,sim,Eletropar
AUPC099,BXF03B050111,F03B050111,sim,Eletropar
AUPC100,BXF03B050123,F03B050123,sim,Eletropar
AUPC104,BXF03B050166,F03B050166,sim,Eletropar
AUPC105,BXF03B050168,F03B050168,sim,Eletropar
AUPC106,BXF03B050172,F03B050172,sim,Eletropar
AUPC107,BXF03B050173,F03B050173,sim,Eletropar
AUPC108,BXF03B050176,F03B050176,sim,Eletropar
AUPC109,BXF03B050195,F03B050195,sim,Eletropar
AUPC110,BXF03B050211,F03B050211,sim,Eletropar
AUPC111,BXF03B050229,F03B050229,nao,Eletropar
AUPC113,BXF03B050290,F03B050290,sim,Eletropar
AUPC114,BXF03B050294,F03B050294,sim,Eletropar
AUPC115,BXF03B050296,F03B050296,sim,Eletropar
AUPC117,BXF03B076502,F03B076502,sim,Eletropar
AUPC118,BXF03B050390,F03B050390,sim,Eletropar
AUPC119,BXF03B050393,F03B050393,sim,Eletropar
AUPC120,BXF03B050394,F03B050394,sim,Eletropar
AUPC121,BXF03B050395,F03B050395,sim,Eletropar
AUPC122,BXF03B050397,F03B050397,sim,Eletropar
AUPC123,BXF03B050399,F03B050399,sim,Eletropar
AUPC125,BXF03B050168,F03B050168,sim,Eletropar
AUPC126,BXF03B076493,F03B076493,sim,Eletropar
AUPD001,97,97,sim,Eletropar
AUPD002,100,100,sim,Eletropar
AUPD003,162,162,sim,Eletropar
AUPD004,164,164,sim,Eletropar
AUPD005,168,168,sim,Eletropar
AUPD006,171,171,sim,Eletropar
AUPD007,172,172,sim,Eletropar
AUPD008,174,174,sim,Eletropar
AUPD009,176,176,sim,Eletropar
AUPD010,177,177,sim,Eletropar
AUPD011,324,324,sim,Eletropar
AUPD012,S501,S501,sim,Eletropar
AUPD013,S502,S502,sim,Eletropar
AUPD014,S503,S503,sim,Eletropar
AUPD015,S504,S504,sim,Eletropar
AUPD016,S506,S506,sim,Eletropar
AUPD017,S508,S508,sim,Eletropar
AUPD018,S509,S509,sim,Eletropar
AUPD019,S514,S514,sim,Eletropar
AUPD020,S515,S515,sim,Eletropar
AUPD021,S516,S516,sim,Eletropar
AUPD022,S518,S518,sim,Eletropar
AUPD023,S519,S519,sim,Eletropar
AUPD024,S520,S520,sim,Eletropar
AUPD025,S521,S521,sim,Eletropar
AUPD026,S522,S522,sim,Eletropar
AUPD027,S524,S524,sim,Eletropar
AUPD028,S526,S526,sim,Eletropar
AUPD029,S528,S528,sim,Eletropar
AUPD030,S401,S401,sim,Eletropar
AUPD031,S402,S402,sim,Eletropar
AUPD032,S403,S403,sim,Eletropar
AUPD033,S404,S404,sim,Eletropar
AUPD034,S405,S405,sim,Eletropar
AUPD035,S435,S435,sim,Eletropar
AUPD036,S4S40,S4S40,sim,Eletropar
AUPD037,S4S45,S4S45,sim,Eletropar
AUPD038,S450,S450,sim,Eletropar
AUPD039,S453,S453,sim,Eletropar
AUPD040,S460,S460,sim,Eletropar
AUPD041,S465,S465,sim,Eletropar
AUPD042,S470,S470,sim,Eletropar
AUPD043,SD1,SD1,sim,Eletropar
AUPD044,SD2,SD2,sim,Eletropar
AUPD045,SD3,SD3,sim,Eletropar
AUPD046,SD4,SD4,sim,Eletropar
AUPD047,SD5,SD5,sim,Eletropar
AUPD048,SD6,SD6,sim,Eletropar
AUPD049,SD7,SD7,sim,Eletropar
AUPD050,SD8,SD8,sim,Eletropar
AUPD051,SD9,SD9,sim,Eletropar
AUPD052,15,15,sim,Eletropar
AUPD053,17,17,sim,Eletropar
AUPD054,56,56,sim,Eletropar
AUPD055,105,105,sim,Eletropar
AUPD056,125,125,sim,Eletropar
AUPD057,130,130,sim,Eletropar
AUPD058,175,175,sim,Eletropar
AUPD059,178,178,sim,Eletropar
AUPD060,180,180,sim,Eletropar
AUPD061,314,314,sim,Eletropar
AUPD062,315,315,sim,Eletropar
AUPD063,316,316,sim,Eletropar
AUPD064,317,317,sim,Eletropar
AUPD065,323,323,sim,Eletropar
AUPD067,325,325,sim,Eletropar
AUPD068,326,326,sim,Eletropar
AUPD069,340,340,sim,Eletropar
AUPD070,362,362,sim,Eletropar
AUPD071,368,368,sim,Eletropar
AUPD072,R20,R20,sim,Eletropar
AUPD073,46,46,sim,Eletropar
AUPD074,53,53,sim,Eletropar
AUPD075,55,55,sim,Eletropar
AUPD076,10E,10E,sim,Eletropar
AUPD077,12E,12E,sim,Eletropar
AUPD078,13E,13E,sim,Eletropar
AUPD079,14E,14E,sim,Eletropar
AUPD080,15E,15E,sim,Eletropar
AUPD081,16E,16E,sim,Eletropar
AUPD082,10S,10S,sim,Eletropar
AUPD083,201,201,sim,Eletropar
AUPD084,202,202,sim,Eletropar
AUPD085,203,203,sim,Eletropar
AUPD086,R12,R12,sim,Eletropar
AUPD087,R13,R13,sim,Eletropar
AUPD088,R14,R14,sim,Eletropar
AUPD089,R16,R16,sim,Eletropar
AUPD090,DX15,DX15,sim,Eletropar
AUPD091,DX16,DX16,sim,Eletropar
AUPD092,DX18,DX18,sim,Eletropar
AUPD093,DX19,DX19,sim,Eletropar
AUPD094,DX20,DX20,sim,Eletropar
AUPD095,DX21,DX21,sim,Eletropar
AUPD096,DX23,DX23,sim,Eletropar
AUPD097,S440,S440,sim,Eletropar
AUPD098,S445,S445,sim,Eletropar
AUPL003,VLC046,C046,sim,Eletropar
AUPL004,VLC049,C049,sim,Eletropar
AUPL005,VLC053,C053,sim,Eletropar
AUPL006,VLC055,C055,sim,Eletropar
AUPL008,VLC146,C146,sim,Eletropar
AUPL009,VLC501,C501,sim,Eletropar
AUPL010,VLC600,C600,sim,Eletropar
AUPL011,VLC601,C601,sim,Eletropar
AUPL012,VLC602,C602,sim,Eletropar
AUPL013,VLC603,C603,sim,Eletropar
AUPL014,VLC604,C604,sim,Eletropar
AUPL025,VL578400,578400,sim,Eletropar
AUPL026,VL578401,578401,sim,Eletropar
AUPL027,VL578402,578402,sim,Eletropar
AUPL028,VL578403,578403,sim,Eletropar
AUPL029,VL578404,578404,sim,Eletropar
AUPL030,VL578405,578405,sim,Eletropar
AUPL031,VL578406,578406,sim,Eletropar
AUPL032,VL578407,578407,sim,Eletropar
AUPL033,VL578408,578408,sim,Eletropar
AUPO001,BX0986BB0706,0986BB0706,sim,Eletropar
AUPO002,BX0986BB0324,0986BB0324,sim,Eletropar
AUPO003,BX0986BB0151,0986BB0151,sim,Eletropar
AUPO004,BX0986BB0300,0986BB0300,sim,Eletropar
AUPO005,BX0986BB0286,0986BB0286,sim,Eletropar
AUPO006,BX0986BB0148,0986BB0148,sim,Eletropar
AUPO007,BX0986BB0516,0986BB0516,sim,Eletropar
AUPO008,BX0986BB0283,0986BB0283,sim,Eletropar
AUPO009,BX0986BB0188,0986BB0188,sim,Eletropar
AUPO010,BX0986BB0589,0986BB0589,sim,Eletropar
AUPO011,BX0986BB0868,0986BB0868,sim,Eletropar
AUPO012,BX0986BB0260,0986BB0260,sim,Eletropar
AUPO013,BX0986BB0713,0986BB0713,sim,Eletropar
AUPO014,BX0986BB0274,0986BB0274,sim,Eletropar
AUPO015,BX0986BB0590,0986BB0590,sim,Eletropar
AUPO016,BX0986BB0714,0986BB0714,sim,Eletropar
AUPO017,BX0986BB0986,0986BB0986,sim,Eletropar
AUPO018,BX0986BB0285,0986BB0285,sim,Eletropar
AUPO020,BX0986BB0078,0986BB0078,sim,Eletropar
AUPO021,BX0986BB0785,0986BB0785,sim,Eletropar
AUPO022,BX0986BB0517,0986BB0517,sim,Eletropar
AUPO023,BX0986BB0383,0986BB0383,sim,Eletropar
AUPO024,BX0986BB0176,0986BB0176,sim,Eletropar
AUPO025,BX0986BB0325,0986BB0325,sim,Eletropar
AUPO026,BX0986BB0600,0986BB0600,sim,Eletropar
AUPO027,BX0986BB0157,0986BB0157,sim,Eletropar
AUPO028,BX0986BB0266,0986BB0266,sim,Eletropar
AUPO029,BX0986BB0984,0986BB0984,sim,Eletropar
AUPO030,BX0986BB0715,0986BB0715,sim,Eletropar
AUPO031,BX0986BB0771,0986BB0771,sim,Eletropar
AUPO032,BX0986BB0704,0986BB0704,sim,Eletropar
AUPO033,BX0986BB0096,0986BB0096,sim,Eletropar
AUPO034,BX0986BB0275,0986BB0275,sim,Eletropar
AUPO035,BX0986BB0270,0986BB0270,sim,Eletropar
AUPO036,BX0986BB0279,0986BB0279,sim,Eletropar
AUPO037,BX0986BB0903,0986BB0903,sim,Eletropar
AUPO038,BX0986BB0701,0986BB0701,sim,Eletropar
AUPO039,BX0986BB0709,0986BB0709,sim,Eletropar
AUPO040,BX0986BB0710,0986BB0710,sim,Eletropar
AUPO041,BX0986BB0974,0986BB0974,sim,Eletropar
AUPO042,BX0986BB0261,0986BB0261,sim,Eletropar
AUPO043,BX0986BB0988,0986BB0988,sim,Eletropar
AUPO044,BX0986BB0703,0986BB0703,sim,Eletropar
AUPO045,BX0986BB0276,0986BB0276,sim,Eletropar
AUPO046,BX0986BB0952,0986BB0952,sim,Eletropar
AUPO047,BX0986BB0271,0986BB0271,sim,Eletropar
AUPO048,BX0986BB0317,0986BB0317,sim,Eletropar
AUPO049,BX0986BB0981,0986BB0981,sim,Eletropar
AUPO050,BX0986BB0985,0986BB0985,sim,Eletropar
AUPO051,BX0986BB0599,0986BB0599,sim,Eletropar
AUPO052,BX0986BB0045,0986BB0045,sim,Eletropar
AUPO053,BX0986BB0259,0986BB0259,sim,Eletropar
AUPO054,BX0986BB0268,0986BB0268,sim,Eletropar
AUPO055,BX0986BB0269,0986BB0269,sim,Eletropar
AUPO056,BX0986BB0273,0986BB0273,sim,Eletropar
AUPO057,BX0986BB0263,0986BB0263,sim,Eletropar
AUPO058,BX0986BB0994,0986BB0994,sim,Eletropar
AUPO059,BX0986BB0888,0986BB0888,sim,Eletropar
AUPO060,BX0986BB0732,0986BB0732,sim,Eletropar
AUPO061,BX0986BB0069,0986BB0069,sim,Eletropar
AUPO062,BX0986BB0869,0986BB0869,sim,Eletropar
AUPO063,BX0986BB0772,0986BB0772,sim,Eletropar
AUPO064,BX0986BB0280,0986BB0280,sim,Eletropar
AUPO065,BX0986BB0315,0986BB0315,sim,Eletropar
AUPO066,BX0986BB0747,0986BB0747,sim,Eletropar
AUPO067,BX0986BB0578,0986BB0578,sim,Eletropar
AUPO068,BX0986BB0961,0986BB0961,sim,Eletropar
AUPO069,BX0986BB0594,0986BB0594,sim,Eletropar
AUPO070,BX0986BB0980,0986BB0980,sim,Eletropar
AUPO071,BX0986BB0301,0986BB0301,sim,Eletropar
AUPO072,BX0986BB0559,0986BB0559,sim,Eletropar
AUPO073,BX0986BB0718,0986BB0718,sim,Eletropar
AUPO074,BX0986BB0277,0986BB0277,sim,Eletropar
AUPO075,BX0986BB0731,0986BB0731,sim,Eletropar
AUPO076,BX0986BB0977,0986BB0977,sim,Eletropar
AUPO077,BX0986BB0593,0986BB0593,sim,Eletropar
AUPO078,BX0986BB0272,0986BB0272,sim,Eletropar
AUPO079,BX0986BB0976,0986BB0976,sim,Eletropar
AUPO080,BX0986BB0165,0986BB0165,sim,Eletropar
AUPO081,BX0986BB0290,0986BB0290,sim,Eletropar
AUPO082,BX0986BB0619,0986BB0619,sim,Eletropar
AUPO083,BX0986BB0939,0986BB0939,sim,Eletropar
AUPO084,BX0986BB0780,0986BB0780,sim,Eletropar
AUPO085,BX0986BB0034,0986BB0034,sim,Eletropar
AUPO086,BX0986BB0541,0986BB0541,sim,Eletropar
AUPO087,BX0986BB0774,0986BB0774,sim,Eletropar
AUPO088,BX0986BB0211,0986BB0211,sim,Eletropar
AUPO089,BX0986BB0560,0986BB0560,sim,Eletropar
AUPO090,BX0986BB0960,0986BB0960,sim,Eletropar
AUPO091,BX0986BB0792,0986BB0792,sim,Eletropar
AUPO092,BX0986BB0987,0986BB0987,sim,Eletropar
AUPO093,BX0986BB0955,0986BB0955,sim,Eletropar
AUPO094,BX0986BB0598,0986BB0598,sim,Eletropar
AUPO095,BX0986BB0733,0986BB0733,sim,Eletropar
AUPO096,BX0986BB0906,0986BB0906,sim,Eletropar
AUPO097,BX0986BB0726,0986BB0726,sim,Eletropar
AUPO098,BX0986BB0973,0986BB0973,sim,Eletropar
AUPO099,BX0986BB0159,0986BB0159,sim,Eletropar
AUPO100,BX0986BB0177,0986BB0177,sim,Eletropar
AUPO101,BX0986BB0978,0986BB0978,sim,Eletropar
AUPO102,BX0986BB0773,0986BB0773,sim,Eletropar
AUPO103,BX0986BB0708,0986BB0708,sim,Eletropar
AUPO104,BX0986BB0776,0986BB0776,sim,Eletropar
AUPO105,BX0986BB0983,0986BB0983,sim,Eletropar
AUPO106,BX0986BB0321,0986BB0321,sim,Eletropar
AUPO107,BX0986BB0327,0986BB0327,sim,Eletropar
AUPO108,BX0986BB0179,0986BB0179,sim,Eletropar
AUPO109,BX0986BB0725,0986BB0725,sim,Eletropar
AUPO110,BX0986BB0777,0986BB0777,sim,Eletropar
AUPO111,BX0986BB0790,0986BB0790,sim,Eletropar
AUPO112,BX0986BB0787,0986BB0787,sim,Eletropar
AURB001,BOF000DR0222,F000DR0222,sim,Eletropar
AURB002,BO0280160560,280160560,sim,Eletropar
AURB003,BOF000DR0221,F000DR0221,sim,Eletropar
AURB004,BOF000DR9710,F000DR9710,sim,Eletropar
AURB005,BOF000DR0206,F000DR0206,sim,Eletropar
AURB006,BOF000DR0216,F000DR0216,sim,Eletropar
AURB007,BOF000DR9716,F000DR9716,sim,Eletropar
AURB011,BOF000DR0208,F000DR0208,sim,Eletropar
AURB012,BOF000DR0226,F000DR0226,sim,Eletropar
AURB014,BOF000DR0209,F000DR0209,sim,Eletropar
AURB015,BOF000DR9002,F000DR9002,sim,Eletropar
AURB016,BOF000DR0215,F000DR0215,sim,Eletropar
AURB017,BOF000DR9000,F000DR9000,sim,Eletropar
AURB022,BOF000DR9608,F000DR9608,sim,Eletropar
AURB024,BO0280142310,280142310,sim,Eletropar
AUSB001,BO0261231168,261231168,sim,Eletropar
AUSB002,BO0261231120,261231120,sim,Eletropar
AUSB004,BO0261231046,261231046,sim,Eletropar
AUSB005,BO0261231146,261231146,sim,Eletropar
AUSB006,BO0261231176,261231176,sim,Eletropar
AUSB007,BO0258010032,258010032,sim,Eletropar
AUSB008,BO0258006986,258006986,sim,Eletropar
AUSB009,BO0261231004,261231004,sim,Eletropar
AUSB010,BO0258007351,258007351,sim,Eletropar
AUSB011,BO0258017305,258017305,sim,Eletropar
AUSB012,BO0258017169,258017169,sim,Eletropar
AUSB013,BO0232101031,232101031,sim,Eletropar
AUSB014,BO0258006980,258006980,sim,Eletropar
AUSB015,BO0258006827,258006827,sim,Eletropar
AUSB016,BO0258017187,258017187,sim,Eletropar
AUSB017,BO0258006029,258006029,sim,Eletropar
AUSB018,BO0258986722,258986722,sim,Eletropar
AUSB019,BO0232101036,232101036,sim,Eletropar
AUSB020,BO0232103067,232103067,sim,Eletropar
AUSB021,BO0986280408,986280408,sim,Eletropar
AUSB022,BO0986280417,986280417,sim,Eletropar
AUSB025,BO0261210147,261210147,sim,Eletropar
AUSB026,BO0261210160,261210160,sim,Eletropar
AUSB027,BO0258986684,258986684,sim,Eletropar
AUSB028,BO0258005717,258005717,sim,Eletropar
AUSB029,BO0258003222,258003222,sim,Eletropar
AUSB030,BO0258005658,258005658,sim,Eletropar
AUSB031,BO0258003540,258003540,sim,Eletropar
AUSB034,BO0258003779,258003779,sim,Eletropar
AUSB035,BOF00099R002,F00099R002,sim,Eletropar
AUSB036,BO0258017321,258017321,sim,Eletropar
AUSB037,BO0261210161,261210161,sim,Eletropar
AUSB038,BO0281002410,281002410,sim,Eletropar
AUSB039,BO0261210124,261210124,sim,Eletropar
AUSB040,BOF00099R010,F00099R010,sim,Eletropar
AUSB041,BO0261210118,261210118,sim,Eletropar
AUSB042,BO0258986745,258986745,sim,Eletropar
AUSB043,BO0258986720,258986720,sim,Eletropar
AUSB045,BO0281002102,281002102,sim,Eletropar
AUSB046,BO0258006990,258006990,sim,Eletropar
AUSB047,BO0258010029,258010029,sim,Eletropar
AUSB048,BO0258006046,258006046,sim,Eletropar
AUSB049,BO0280130107,280130107,sim,Eletropar
AUSB050,BO0281002170,281002170,sim,Eletropar
AUSB051,BO0280122002,280122002,sim,Eletropar
AUSB052,BO0258006511,258006511,sim,Eletropar
AUSB053,BO0258006513,258006513,sim,Eletropar
AUSB054,BO0281004153,281004153,sim,Eletropar
AUSB056,BO0261230022,261230022,sim,Eletropar
AUSB057,BOF00099P169,F00099P169,sim,Eletropar
AUSB058,BO0261230217,261230217,sim,Eletropar
AUSB059,BO0261230012,261230012,sim,Eletropar
AUSB060,BO0261230037,261230037,sim,Eletropar
AUSB061,BO0261230027,261230027,sim,Eletropar
AUSB062,BO0261230234,261230234,sim,Eletropar
AUSB063,BO0281002205,281002205,sim,Eletropar
AUSB064,BOF00099P003,F00099P003,sim,Eletropar
AUSB065,BO0261230058,261230058,sim,Eletropar
AUSB066,BOF00099P403,F00099P403,sim,Eletropar
AUSB067,BO0261230095,261230095,sim,Eletropar
AUSB068,BO0261230167,261230167,sim,Eletropar
AUSB069,BO0261230044,261230044,sim,Eletropar
AUSB070,BO0281002209,281002209,sim,Eletropar
AUSB071,BO0986280404,986280404,sim,Eletropar
AUSB072,BO0281002471,281002471,sim,Eletropar
AUSB076,BO0280218032,280218032,sim,Eletropar
AUSB078,BO0280218063,280218063,sim,Eletropar
AUSB082,BO0280217517,280217517,sim,Eletropar
AUSB083,BO0280218071,280218071,sim,Eletropar
AUSB085,BO0280218019,280218019,sim,Eletropar
AUSB088,BO0280750085,280750085,sim,Eletropar
AUSB089,BO0280750508,280750508,sim,Eletropar
AUSB094,BO0280750042,280750042,sim,Eletropar
AUSB096,BO0258006028,258006028,sim,Eletropar
AUSB097,BO0258006190,258006190,sim,Eletropar
AUSB098,BO0258006577,258006577,sim,Eletropar
AUSB099,BO0258010124,258010124,sim,Eletropar
AUSB100,BO0258017178,258017178,sim,Eletropar
AUSB101,BO0258017270,258017270,sim,Eletropar
AUSB104,BO0258017180,258017180,sim,Eletropar
AUSB108,BO0281004150,281004150,sim,Eletropar
AUSB114,BOF00HL00311,F00HL00311,sim,Eletropar
AUSB115,BO0258003300,258003300,sim,Eletropar
AUSB116,BO0258005703,258005703,sim,Eletropar
AUSB120,BO0258010292,258010292,sim,Eletropar
AUSB121,BO0258006185,258006185,sim,Eletropar
AUSB127,BO0258006731,258006731,sim,Eletropar
AUSB128,BO0258010176,258010176,sim,Eletropar
AUSB130,BO0258006605,258006605,nao,Eletropar
AUSB132,BO0258010246,258010246,sim,Eletropar
AUSB133,BO0258017264,258017264,sim,Eletropar
AUSB134,BO0258017319,258017319,sim,Eletropar
AUSB135,BO0258005660,258005660,sim,Eletropar
AUSB136,BO0258006539,258006539,sim,Eletropar
AUSB139,BOF00HL00267,F00HL00267,sim,Eletropar
AUSB140,BO0281004026,281004026,sim,Eletropar
AUSB144,BO0258017016,258017016,sim,Eletropar
AUSB150,BO0258986624,258986624,sim,Eletropar
AUSB153,BO0261231007,261231007,sim,Eletropar
AUSB155,BO0261231079,261231079,sim,Eletropar
AUSB156,BO0232101026,232101026,sim,Eletropar
AUSB159,BO0232103052,232103052,sim,Eletropar
AUSB160,BO0281002634,281002634,sim,Eletropar
AUSB161,BO0281002667,281002667,sim,Eletropar
AUSB162,BO0261210128,261210128,sim,Eletropar
AUSB163,BO0261210150,261210150,sim,Eletropar
AUSB164,BO0261210170,261210170,sim,Eletropar
AUSB165,BO0261210188,261210188,sim,Eletropar
AUSB166,BO0261210199,261210199,sim,Eletropar
AUSB167,BO0261210207,261210207,sim,Eletropar
AUSB169,BO0281002214,281002214,sim,Eletropar
AUSB170,BO0281002332,281002332,sim,Eletropar
AUSB171,BO0281002513,281002513,sim,Eletropar
AUSB172,BO0281002717,281002717,sim,Eletropar
AUSB173,BOF00099R005,F00099R005,sim,Eletropar
AUSB174,BOF00099R101,F00099R101,sim,Eletropar
AUSB175,BO0280122001,280122001,sim,Eletropar
AUSB176,BO0280130039,280130039,sim,Eletropar
AUSB178,BO0261230013,261230013,sim,Eletropar
AUSB179,BO0261230043,261230043,sim,Eletropar
AUSB181,BOF00099P402,F00099P402,sim,Eletropar
AUSB182,BO0258986735,258986735,sim,Eletropar
AUSB183,BO0258006027,258006027,sim,Eletropar
AUSB184,BO0232103097,232103097,sim,Eletropar
AUSB185,BO0258006206,258006206,sim,Eletropar
AUSB186,BO0258006791,258006791,sim,Eletropar
AUSB187,BO0258010038,258010038,sim,Eletropar
AUSB188,BO0258017028,258017028,sim,Eletropar
AUSB189,BO0258017131,258017131,sim,Eletropar
AUSB190,BO0258986627,258986627,sim,Eletropar
AUSB191,BO0258006475,258006475,sim,Eletropar
AUSB192,BO0258006571,258006571,sim,Eletropar
AUSB193,BO0258006603,258006603,sim,Eletropar
AUSB194,BO0258006607,258006607,sim,Eletropar
AUSB195,BO0258010011,258010011,sim,Eletropar
AUSB196,BO0258010102,258010102,sim,Eletropar
AUSB197,BO0258010153,258010153,sim,Eletropar
AUSB198,BO0258010268,258010268,sim,Eletropar
AUSB199,BO0258010296,258010296,sim,Eletropar
AUSB200,BO0258010298,258010298,sim,Eletropar
AUSB201,BO0258010305,258010305,sim,Eletropar
AUSB202,BO0258017121,258017121,sim,Eletropar
AUSB203,BO0258027001,258027001,sim,Eletropar
AUSB204,BO0258027029,258027029,sim,Eletropar
AUSB205,BO0258030157,258030157,sim,Eletropar
AUSB206,BO0258030159,258030159,sim,Eletropar
AUSB207,BO0258030170,258030170,sim,Eletropar
AUSB208,BO0258030172,258030172,sim,Eletropar
AUSB209,BO0258986697,258986697,sim,Eletropar
AUSB210,BO0258986729,258986729,sim,Eletropar
AUSB212,BO0258986759,258986759,sim,Eletropar
AUSB213,BO0258986760,258986760,sim,Eletropar
AUSB214,BO0258986770,258986770,sim,Eletropar
AUSB215,BO0281004456,281004456,sim,Eletropar
AUSB216,BO0281004458,281004458,sim,Eletropar
AUSB217,BO0986AG2219,0986AG2219,sim,Eletropar
AUSB218,BOF00HL00255,F00HL00255,sim,Eletropar
AUSB219,BOF00HL00357,F00HL00357,sim,Eletropar
AUSB220,BOF00HL00358,F00HL00358,sim,Eletropar
AUSB221,BOF00HL00371,F00HL00371,sim,Eletropar
AUSB222,BOF00HL00388,F00HL00388,sim,Eletropar
AUSB223,BOF00HL00393,F00HL00393,sim,Eletropar
AUSB224,BOF00HL00399,F00HL00399,sim,Eletropar
AUSB225,BOF00HL00402,F00HL00402,sim,Eletropar
AUSB226,BOF00HL00403,F00HL00403,sim,Eletropar
AUSB227,BOF00HL00412,F00HL00412,sim,Eletropar
AUSB228,BOF00HL00414,F00HL00414,sim,Eletropar
AUSB229,BO0261230224,261230224,sim,Eletropar
AUSB230,BO0261230439,261230439,sim,Eletropar
AUSB231,BO0281002573,281002573,sim,Eletropar
AUSB232,BO0281006049,281006049,sim,Eletropar
AUSB233,BO0281006059,281006059,sim,Eletropar
AUSB234,BO0281006028,281006028,sim,Eletropar
AUSB235,BOF00C3G1303,F00C3G1303,sim,Eletropar
AUSB236,BO0261230189,261230189,sim,Eletropar
AUSB237,BO0261230308,261230308,sim,Eletropar
AUSB238,BO0261230073,261230073,sim,Eletropar
AUSB239,BO0281006123,281006123,sim,Eletropar
AUSB240,BO0281002961,281002961,sim,Eletropar
AUSB241,BO0261230245,261230245,sim,Eletropar
AUSB242,BO0281002845,281002845,sim,Eletropar
AUSB243,BOF00099P218,F00099P218,sim,Eletropar
AUSB244,BOF00099P350,F00099P350,sim,Eletropar
AUSB245,BO0281002316,281002316,sim,Eletropar
AUSB246,BO0281002244,281002244,sim,Eletropar
AUSB247,BO0281006481,281006481,sim,Eletropar
AUSB248,BO0281002514,281002514,sim,Eletropar
AUSB249,BO0281002593,281002593,sim,Eletropar
AUSB250,BO0281006102,281006102,sim,Eletropar
AUVB001,BO0242236564,242236564,sim,Eletropar
AUVB002,BO0242140512,242140512,sim,Eletropar
AUVB003,BO0242240691,242240691,sim,Eletropar
AUVB004,BO0242236563,242236563,sim,Eletropar
AUVB005,BO0242230554,242230554,sim,Eletropar
AUVB006,BO0242145518,242145518,sim,Eletropar
AUVB007,BO0242145537,242145537,sim,Eletropar
AUVB009,BO0242240675,242240675,sim,Eletropar
AUVB010,BO0242240665,242240665,sim,Eletropar
AUVB011,BO0242235749,242235749,sim,Eletropar
AUVB012,BO0242229708,242229708,sim,Eletropar
AUVB013,BO0242135559,242135559,sim,Eletropar
AUVB014,BO0242129512,242129512,sim,Eletropar
AUVB015,BO0242236566,242236566,sim,Eletropar
AUVB016,BO0242236642,242236642,sim,Eletropar
AUVB017,BO0242140536,242140536,sim,Eletropar
AUVB018,BO0242236571,242236571,sim,Eletropar
AUVB019,BO0242236605,242236605,sim,Eletropar
AUVB020,BO0242230531,242230531,sim,Eletropar
AUVB022,BO0241245673,241245673,sim,Eletropar
AUVB023,BO0242135518,242135518,sim,Eletropar
AUVB024,BO0242135524,242135524,sim,Eletropar
AUVB025,BO0241145523,241145523,sim,Eletropar
AUVB026,BO0242235775,242235775,sim,Eletropar
AUVB027,BO0242140528,242140528,sim,Eletropar
AUVB028,BO0242135529,242135529,sim,Eletropar
AUVB029,BO0242236544,242236544,sim,Eletropar
AUVB030,BOF000KE0P10,F000KE0P10,sim,Eletropar
AUVB031,BOF000KE0P45,F000KE0P45,sim,Eletropar
AUVB032,BOF000KE0P03,F000KE0P03,sim,Eletropar
AUVB033,BOF000KE0P16,F000KE0P16,sim,Eletropar
AUVB034,BOF000KE0P04,F000KE0P04,sim,Eletropar
AUVB035,BOF000KE0P49,F000KE0P49,sim,Eletropar
AUVB036,BOF000KE0P07,F000KE0P07,sim,Eletropar
AUVB037,BOF000KE0P39,F000KE0P39,sim,Eletropar
AUVB038,BOF000KE0P20,F000KE0P20,sim,Eletropar
AUVB039,BOF000KE0P09,F000KE0P09,sim,Eletropar
AUVB040,BOF000KE0P41,F000KE0P41,sim,Eletropar
AUVB042,BOF000KE0P43,F000KE0P43,sim,Eletropar
AUVB043,BOF000KE0P24,F000KE0P24,sim,Eletropar
AUVB044,BOF000KE0P47,F000KE0P47,nao,Eletropar
AUVB045,BOF000KE0P21,F000KE0P21,sim,Eletropar
AUVB046,BO0242129515,242129515,sim,Eletropar
AUVB047,BO0242235748,242235748,sim,Eletropar
AUVB048,BOF000KE0P44,F000KE0P44,sim,Eletropar
AUVB049,BOF000KE0P25,F000KE0P25,sim,Eletropar
AUVB050,BOF000KE0P18,F000KE0P18,sim,Eletropar
AUVB051,BOF000KE0P15,F000KE0P15,sim,Eletropar
AUVB052,BO0242135545,242135545,sim,Eletropar
AUVB053,BO0242135528,242135528,sim,Eletropar
AUVB054,BOF000KE0P34,F000KE0P34,sim,Eletropar
AUVB055,BOF000KE0P40,F000KE0P40,sim,Eletropar
AUVB056,BO0242229785,242229785,sim,Eletropar
AUVB057,BOF000KE0P35,F000KE0P35,sim,Eletropar
AUVB058,BOF000KE0P36,F000KE0P36,sim,Eletropar
AUVB059,BOF000KE0P02,F000KE0P02,sim,Eletropar
AUVB060,BOF000KE0P05,F000KE0P05,sim,Eletropar
AUVB061,BOF000KE0P31,F000KE0P31,sim,Eletropar
AUVB062,BO0242230500,242230500,sim,Eletropar
AUVB063,BOF000KE0P32,F000KE0P32,sim,Eletropar
AUVB064,BOF000KE0P29,F000KE0P29,sim,Eletropar
AUVB065,BOF000KE0P30,F000KE0P30,sim,Eletropar
AUVB066,BO0242235767,242235767,sim,Eletropar
AUVB067,BOF000KE0P13,F000KE0P13,sim,Eletropar
AUVB068,BOF000KE0P12,F000KE0P12,sim,Eletropar
AUVB069,BOF000KE0P50,F000KE0P50,sim,Eletropar
AUVB070,BOF000KE0P33,F000KE0P33,sim,Eletropar
AUVB071,BOF000KE0P19,F000KE0P19,sim,Eletropar
AUVB072,BOF000KE0P37,F000KE0P37,nao,Eletropar
AUVB073,BOF000KE0P17,F000KE0P17,sim,Eletropar
AUVB074,BOF000KE0P27,F000KE0P27,sim,Eletropar
AUVB075,BO0242319504,242319504,sim,Eletropar
AUVB076,BOF000KE0P11,F000KE0P11,sim,Eletropar
AUVB077,BOF000KE0P06,F000KE0P06,sim,Eletropar
AUVB078,BOF000KE0P42,F000KE0P42,sim,Eletropar
AUVB079,BO0250202125,250202125,sim,Eletropar
AUVB080,BO0241140522,241140522,sim,Eletropar
AUVB081,BOF000KE0P28,F000KE0P28,sim,Eletropar
AUVB082,BO0242235788,242235788,sim,Eletropar
AUVB083,BO0242140530,242140530,sim,Eletropar
AUVB084,BOF000KE0P51,F000KE0P51,sim,Eletropar
AUVB086,BOF000KE0P53,F000KE0P53,sim,Eletropar
AUVB087,BO0242236561,242236561,sim,Eletropar
AUVB089,BOF000KE0P46,F000KE0P46,sim,Eletropar
AUVB090,BOF000KE0P08,F000KE0P08,sim,Eletropar
AUVB094,BO0242140521,242140521,sim,Eletropar
AUVB102,BOF000KE0P52,F000KE0P52,sim,Eletropar
AUVB103,BOF000KE0P23,F000KE0P23,sim,Eletropar
AUVB105,BOF000KE0P37,F000KE0P37,sim,Eletropar
AUVB106,BO0242240592,242240592,sim,Eletropar
AUVB107,BO0242229775,242229775,sim,Eletropar
AUVB108,BO0242235667,242235667,sim,Eletropar
AUVB109,BOF000KE0P22,F000KE0P22,sim,Eletropar
AUVB110,BO0242242505,242242505,sim,Eletropar
AUVB111,BO0242242552,242242552,sim,Eletropar
AUVB112,BO0242229660,242229660,sim,Eletropar
AUVB113,BOF000KE0P12,F000KE0P12,sim,Eletropar
AUVB114,BO0242145510,242145510,sim,Eletropar
AUVB115,BO0242135563,242135563,sim,Eletropar
PN466,MZ3907100,3907100,sim,Eletropar
PN467,MZ930500,930500,sim,Eletropar
PN468,MZ0931400,931400,sim,Eletropar
PN469,MZ1077700,1077700,sim,Eletropar
PN470,MZ1306700,1306700,sim,Eletropar
PN472,MZ1425800,1425800,sim,Eletropar
PN473,MZ1530300,1530300,sim,Eletropar
PN474,MZ1532700,1532700,sim,Eletropar
PN475,MZ1533500,1533500,sim,Eletropar
PN476,MZ1590300,1590300,sim,Eletropar
PN477,MZ1591000,1591000,sim,Eletropar
PN478,MZ1594300,1594300,sim,Eletropar
PN479,MZ1606900,1606900,sim,Eletropar
PN480,MZ1666900,1666900,sim,Eletropar
PN481,MZ1706800,1706800,sim,Eletropar
PN482,MZ1733100,1733100,sim,Eletropar
PN483,MZ1733200,1733200,sim,Eletropar
PN485,MZ1870300,1870300,sim,Eletropar
PN486,MZ1907200,1907200,sim,Eletropar
PN487,MZ1926800,1926800,sim,Eletropar
PN488,MZ1970800,1970800,sim,Eletropar
PN489,MZ2055100,2055100,sim,Eletropar
PN490,MZ2058900,2058900,sim,Eletropar
PN491,MZ2284000,2284000,sim,Eletropar
PN492,MZ2284200,2284200,sim,Eletropar
PN494,MZ2312000,2312000,sim,Eletropar
PN495,MZ2316800,2316800,sim,Eletropar
PN496,MZ2318100,2318100,sim,Eletropar
PN497,MZ2318800,2318800,sim,Eletropar
PN498,MZ2318900,2318900,sim,Eletropar
PN499,MZ2407800,2407800,sim,Eletropar
PN500,MZ2407900,2407900,sim,Eletropar
PN501,MZ2408200,2408200,sim,Eletropar
PN502,MZ2408300,2408300,sim,Eletropar
PN503,MZ2408500,2408500,sim,Eletropar
PN504,MZ2408600,2408600,sim,Eletropar
PN505,MZ2408900,2408900,sim,Eletropar
PN506,MZ2429500,2429500,sim,Eletropar
PN507,MZ2477600,2477600,sim,Eletropar
PN508,MZ2477700,2477700,sim,Eletropar
PN509,MZ2491600,2491600,sim,Eletropar
PN510,MZ2612800,2612800,sim,Eletropar
PN511,MZ2616500,2616500,sim,Eletropar
PN512,MZ2616600,2616600,sim,Eletropar
PN513,MZ2634700,2634700,sim,Eletropar
PN514,MZ2634800,2634800,sim,Eletropar
PN515,MZ2661500,2661500,sim,Eletropar
PN516,MZ2661700,2661700,sim,Eletropar
PN517,MZ2669800,2669800,sim,Eletropar
PN518,MZ2670600,2670600,sim,Eletropar
PN519,MZ2681000,2681000,sim,Eletropar
PN520,MZ2681300,2681300,sim,Eletropar
PN521,MZ2703100,2703100,sim,Eletropar
PN522,MZ2703900,2703900,sim,Eletropar
PN523,MZ2718100,2718100,sim,Eletropar
PN525,MZ3483600,3483600,sim,Eletropar
PN526,MZ3483700,3483700,sim,Eletropar
PN527,MZ3576300,3576300,sim,Eletropar
PN528,MZ3578000,3578000,sim,Eletropar
